# CREATE DATABASE catering CHARACTER SET utf8mb4 COLLATE utf8mb4_unicode_ci;
use catering;
# ALTER DATABASE catering CHARACTER SET utf8 COLLATE utf8_general_ci;

#Konfiguracja Dockera - MySQL
# https://www.youtube.com/watch?v=lPUqikh3uaA

INSERT INTO catering.config (id, edit_mode) VALUES (1, false);

INSERT INTO catering.department (id, name, payment_perc) VALUES (1, 'Montaż/Produkcja', 50);
INSERT INTO catering.department (id, name, payment_perc) VALUES (2, 'Biuro1', 50);
INSERT INTO catering.department (id, name, payment_perc) VALUES (3, 'Biuro2', 50);
INSERT INTO catering.department (id, name, payment_perc) VALUES (5, 'Lakiernia', 50);
INSERT INTO catering.department (id, name, payment_perc) VALUES (6, 'Portiernia', 50);
INSERT INTO catering.department (id, name, payment_perc) VALUES (7, 'Wodociągowa', 50);
INSERT INTO catering.department (id, name, payment_perc) VALUES (8, 'Podlesie', 50);

INSERT INTO catering.users (user_id, active, last_name, login, name, password, super_admin, department_id) VALUES (1, true, 'Brachaczek', 'GBrachaczek', 'Grzegorz', '$2a$10$0hhVGiYQz396mQCZTAE9P.MoMdu2GfhzCNW/cDsxpuLVj16B8Aa3S', false, 3);
INSERT INTO catering.users (user_id, active, last_name, login, name, password, super_admin, department_id) VALUES (2, true, 'Bernasińska', 'KBernasińska', 'Katarzyna', '$2a$10$0hhVGiYQz396mQCZTAE9P.MoMdu2GfhzCNW/cDsxpuLVj16B8Aa3S', false, 3);
INSERT INTO catering.users (user_id, active, last_name, login, name, password, super_admin, department_id) VALUES (3, true, 'Kolec', 'AKolec', 'Anna', '$2a$10$0hhVGiYQz396mQCZTAE9P.MoMdu2GfhzCNW/cDsxpuLVj16B8Aa3S', false, 3);
INSERT INTO catering.users (user_id, active, last_name, login, name, password, super_admin, department_id) VALUES (4, true, 'Laszczak', 'ALaszczak', 'Aneta', '$2a$10$0hhVGiYQz396mQCZTAE9P.MoMdu2GfhzCNW/cDsxpuLVj16B8Aa3S', false, 3);
INSERT INTO catering.users (user_id, active, last_name, login, name, password, super_admin, department_id) VALUES (5, true, 'Okrzeszowska', 'AOkrzeszowska', 'Agata', '$2a$10$0hhVGiYQz396mQCZTAE9P.MoMdu2GfhzCNW/cDsxpuLVj16B8Aa3S', false, 3);
INSERT INTO catering.users (user_id, active, last_name, login, name, password, super_admin, department_id) VALUES (6, true, 'Habdas', 'MHabdas', 'Magdalena', '$2a$10$0hhVGiYQz396mQCZTAE9P.MoMdu2GfhzCNW/cDsxpuLVj16B8Aa3S', false, 3);
INSERT INTO catering.users (user_id, active, last_name, login, name, password, super_admin, department_id) VALUES (7, true, 'Horzinek', 'MHorzinek', 'Magda', '$2a$10$0hhVGiYQz396mQCZTAE9P.MoMdu2GfhzCNW/cDsxpuLVj16B8Aa3S', false, 3);
INSERT INTO catering.users (user_id, active, last_name, login, name, password, super_admin, department_id) VALUES (8, true, 'Oczko', 'OOczko', 'Olga', '$2a$10$0hhVGiYQz396mQCZTAE9P.MoMdu2GfhzCNW/cDsxpuLVj16B8Aa3S', false, 3);
INSERT INTO catering.users (user_id, active, last_name, login, name, password, super_admin, department_id) VALUES (9, true, 'Wiecha', 'SWiecha', 'Sabina', '$2a$10$0hhVGiYQz396mQCZTAE9P.MoMdu2GfhzCNW/cDsxpuLVj16B8Aa3S', false, 2);
INSERT INTO catering.users (user_id, active, last_name, login, name, password, super_admin, department_id) VALUES (10, true, 'Wojtyła', 'IWojtyła', 'Izabela', '$2a$10$0hhVGiYQz396mQCZTAE9P.MoMdu2GfhzCNW/cDsxpuLVj16B8Aa3S', false, 3);
INSERT INTO catering.users (user_id, active, last_name, login, name, password, super_admin, department_id) VALUES (11, true, 'Kołodziejczyk', 'AKołodziejczyk', 'Arleta', '$2a$10$0hhVGiYQz396mQCZTAE9P.MoMdu2GfhzCNW/cDsxpuLVj16B8Aa3S', true, 3);
INSERT INTO catering.users (user_id, active, last_name, login, name, password, super_admin, department_id) VALUES (12, true, 'Juras', 'MJuras', 'Marzena', '$2a$10$0hhVGiYQz396mQCZTAE9P.MoMdu2GfhzCNW/cDsxpuLVj16B8Aa3S', false, 3);
INSERT INTO catering.users (user_id, active, last_name, login, name, password, super_admin, department_id) VALUES (13, true, 'Kos', 'BKos', 'Bartek', '$2a$10$0hhVGiYQz396mQCZTAE9P.MoMdu2GfhzCNW/cDsxpuLVj16B8Aa3S', false, 3);
INSERT INTO catering.users (user_id, active, last_name, login, name, password, super_admin, department_id) VALUES (14, true, 'Naglik-Błachut', 'JBłachut', 'Justyna', '$2a$10$0hhVGiYQz396mQCZTAE9P.MoMdu2GfhzCNW/cDsxpuLVj16B8Aa3S', false, 3);
INSERT INTO catering.users (user_id, active, last_name, login, name, password, super_admin, department_id) VALUES (15, true, 'Ryłko', 'TRyłko', 'Tomasz', '$2a$10$0hhVGiYQz396mQCZTAE9P.MoMdu2GfhzCNW/cDsxpuLVj16B8Aa3S', false, 3);
INSERT INTO catering.users (user_id, active, last_name, login, name, password, super_admin, department_id) VALUES (16, true, 'Adamus', 'DAdamus', 'Dawid', '$2a$10$0hhVGiYQz396mQCZTAE9P.MoMdu2GfhzCNW/cDsxpuLVj16B8Aa3S', false, 3);
INSERT INTO catering.users (user_id, active, last_name, login, name, password, super_admin, department_id) VALUES (17, true, 'Dyczek', 'KDyczek', 'Kinga', '$2a$10$0hhVGiYQz396mQCZTAE9P.MoMdu2GfhzCNW/cDsxpuLVj16B8Aa3S', false, 3);
INSERT INTO catering.users (user_id, active, last_name, login, name, password, super_admin, department_id) VALUES (18, true, 'Kizner', 'EKizner', 'Ewa', '$2a$10$0hhVGiYQz396mQCZTAE9P.MoMdu2GfhzCNW/cDsxpuLVj16B8Aa3S', false, 3);
INSERT INTO catering.users (user_id, active, last_name, login, name, password, super_admin, department_id) VALUES (19, true, 'Kos', 'TKos', 'Tomasz', '$2a$10$0hhVGiYQz396mQCZTAE9P.MoMdu2GfhzCNW/cDsxpuLVj16B8Aa3S', false, 3);
INSERT INTO catering.users (user_id, active, last_name, login, name, password, super_admin, department_id) VALUES (20, true, 'Matusiak', 'DMatusiak', 'Damian', '$2a$10$0hhVGiYQz396mQCZTAE9P.MoMdu2GfhzCNW/cDsxpuLVj16B8Aa3S', false, 3);
INSERT INTO catering.users (user_id, active, last_name, login, name, password, super_admin, department_id) VALUES (21, true, 'Mikler', 'DMikler', 'Dawid', '$2a$10$0hhVGiYQz396mQCZTAE9P.MoMdu2GfhzCNW/cDsxpuLVj16B8Aa3S', false, 3);
INSERT INTO catering.users (user_id, active, last_name, login, name, password, super_admin, department_id) VALUES (22, true, 'Naglik', 'ANaglik', 'Artur', '$2a$10$0hhVGiYQz396mQCZTAE9P.MoMdu2GfhzCNW/cDsxpuLVj16B8Aa3S', false, 3);
INSERT INTO catering.users (user_id, active, last_name, login, name, password, super_admin, department_id) VALUES (23, true, 'Nawrocki', 'ŁNawrocki', 'Łukasz', '$2a$10$0hhVGiYQz396mQCZTAE9P.MoMdu2GfhzCNW/cDsxpuLVj16B8Aa3S', false, 3);
INSERT INTO catering.users (user_id, active, last_name, login, name, password, super_admin, department_id) VALUES (24, true, 'Osierda', 'GOsierda', 'Grzegorz', '$2a$10$0hhVGiYQz396mQCZTAE9P.MoMdu2GfhzCNW/cDsxpuLVj16B8Aa3S', false, 3);
INSERT INTO catering.users (user_id, active, last_name, login, name, password, super_admin, department_id) VALUES (25, true, 'Pawiński', 'ŁPawiński', 'Łukasz', '$2a$10$0hhVGiYQz396mQCZTAE9P.MoMdu2GfhzCNW/cDsxpuLVj16B8Aa3S', false, 3);
INSERT INTO catering.users (user_id, active, last_name, login, name, password, super_admin, department_id) VALUES (26, true, 'Rapacz', 'PRapacz', 'Piotr', '$2a$10$0hhVGiYQz396mQCZTAE9P.MoMdu2GfhzCNW/cDsxpuLVj16B8Aa3S', false, 3);
INSERT INTO catering.users (user_id, active, last_name, login, name, password, super_admin, department_id) VALUES (27, true, 'Rup', 'ARup', 'Alan', '$2a$10$0hhVGiYQz396mQCZTAE9P.MoMdu2GfhzCNW/cDsxpuLVj16B8Aa3S', false, 3);
INSERT INTO catering.users (user_id, active, last_name, login, name, password, super_admin, department_id) VALUES (28, true, 'Ryrych', 'DRyrych', 'Damian', '$2a$10$0hhVGiYQz396mQCZTAE9P.MoMdu2GfhzCNW/cDsxpuLVj16B8Aa3S', false, 3);
INSERT INTO catering.users (user_id, active, last_name, login, name, password, super_admin, department_id) VALUES (29, true, 'Słonka', 'BSłonka', 'Beata', '$2a$10$0hhVGiYQz396mQCZTAE9P.MoMdu2GfhzCNW/cDsxpuLVj16B8Aa3S', false, 3);
INSERT INTO catering.users (user_id, active, last_name, login, name, password, super_admin, department_id) VALUES (30, true, 'Sosna', 'ZSosna', 'Zuzanna', '$2a$10$0hhVGiYQz396mQCZTAE9P.MoMdu2GfhzCNW/cDsxpuLVj16B8Aa3S', false, 3);
INSERT INTO catering.users (user_id, active, last_name, login, name, password, super_admin, department_id) VALUES (31, true, 'Stalec', 'AStalec', 'Artur', '$2a$10$0hhVGiYQz396mQCZTAE9P.MoMdu2GfhzCNW/cDsxpuLVj16B8Aa3S', false, 3);
INSERT INTO catering.users (user_id, active, last_name, login, name, password, super_admin, department_id) VALUES (32, true, 'Then', 'MThen', 'Mateusz', '$2a$10$0hhVGiYQz396mQCZTAE9P.MoMdu2GfhzCNW/cDsxpuLVj16B8Aa3S', false, 3);
INSERT INTO catering.users (user_id, active, last_name, login, name, password, super_admin, department_id) VALUES (33, true, 'Wieroński', 'KKWieroński', 'Kamil', '$2a$10$0hhVGiYQz396mQCZTAE9P.MoMdu2GfhzCNW/cDsxpuLVj16B8Aa3S', false, 3);
INSERT INTO catering.users (user_id, active, last_name, login, name, password, super_admin, department_id) VALUES (34, true, 'Wieroński', 'KWieroński', 'Konrad', '$2a$10$0hhVGiYQz396mQCZTAE9P.MoMdu2GfhzCNW/cDsxpuLVj16B8Aa3S', false, 3);
INSERT INTO catering.users (user_id, active, last_name, login, name, password, super_admin, department_id) VALUES (35, true, 'Bogdziun', 'PBogdziun', 'Paulina', '$2a$10$0hhVGiYQz396mQCZTAE9P.MoMdu2GfhzCNW/cDsxpuLVj16B8Aa3S', false, 2);
INSERT INTO catering.users (user_id, active, last_name, login, name, password, super_admin, department_id) VALUES (36, true, 'Brzózka', 'JBrzózka', 'Justyna', '$2a$10$0hhVGiYQz396mQCZTAE9P.MoMdu2GfhzCNW/cDsxpuLVj16B8Aa3S', false, 2);
INSERT INTO catering.users (user_id, active, last_name, login, name, password, super_admin, department_id) VALUES (37, true, 'Bułka', 'JBułka', 'Jakub', '$2a$10$0hhVGiYQz396mQCZTAE9P.MoMdu2GfhzCNW/cDsxpuLVj16B8Aa3S', false, 2);
INSERT INTO catering.users (user_id, active, last_name, login, name, password, super_admin, department_id) VALUES (38, true, 'Ficoń', 'AFicoń', 'Artur', '$2a$10$0hhVGiYQz396mQCZTAE9P.MoMdu2GfhzCNW/cDsxpuLVj16B8Aa3S', false, 2);
INSERT INTO catering.users (user_id, active, last_name, login, name, password, super_admin, department_id) VALUES (39, true, 'Fijak', 'DFijak', 'Dagmara', '$2a$10$0hhVGiYQz396mQCZTAE9P.MoMdu2GfhzCNW/cDsxpuLVj16B8Aa3S', false, 2);
INSERT INTO catering.users (user_id, active, last_name, login, name, password, super_admin, department_id) VALUES (40, true, 'Fijak', 'PFijak', 'Paweł', '$2a$10$.BjJ1nhY56JqYtMjzrWphuq2i1DZyFIWlebFhZ4WSrTaFQhexTtSO', false, 2);
INSERT INTO catering.users (user_id, active, last_name, login, name, password, super_admin, department_id) VALUES (41, true, 'Foltyn', 'SFoltyn', 'Sebastian', '$2a$10$0hhVGiYQz396mQCZTAE9P.MoMdu2GfhzCNW/cDsxpuLVj16B8Aa3S', false, 3);
INSERT INTO catering.users (user_id, active, last_name, login, name, password, super_admin, department_id) VALUES (42, true, 'Gniza', 'KGniza', 'Karolina', '$2a$10$0hhVGiYQz396mQCZTAE9P.MoMdu2GfhzCNW/cDsxpuLVj16B8Aa3S', false, 2);
INSERT INTO catering.users (user_id, active, last_name, login, name, password, super_admin, department_id) VALUES (43, true, 'Handrych-Baron ', 'EBaron', 'Ewa', '$2a$10$0hhVGiYQz396mQCZTAE9P.MoMdu2GfhzCNW/cDsxpuLVj16B8Aa3S', false, 2);
INSERT INTO catering.users (user_id, active, last_name, login, name, password, super_admin, department_id) VALUES (44, true, 'Handzlik ', 'BHandzlik ', 'Bogusław', '$2a$10$0hhVGiYQz396mQCZTAE9P.MoMdu2GfhzCNW/cDsxpuLVj16B8Aa3S', false, 2);
INSERT INTO catering.users (user_id, active, last_name, login, name, password, super_admin, department_id) VALUES (45, true, 'Konior ', 'AKonior ', 'Angelika', '$2a$10$0hhVGiYQz396mQCZTAE9P.MoMdu2GfhzCNW/cDsxpuLVj16B8Aa3S', false, 2);
INSERT INTO catering.users (user_id, active, last_name, login, name, password, super_admin, department_id) VALUES (46, true, 'Korczyk ', 'MKorczyk ', 'Maciej', '$2a$10$0hhVGiYQz396mQCZTAE9P.MoMdu2GfhzCNW/cDsxpuLVj16B8Aa3S', false, 2);
INSERT INTO catering.users (user_id, active, last_name, login, name, password, super_admin, department_id) VALUES (47, true, 'Kowalczyk ', 'GKowalczyk ', 'Grzegorz', '$2a$10$0hhVGiYQz396mQCZTAE9P.MoMdu2GfhzCNW/cDsxpuLVj16B8Aa3S', false, 2);
INSERT INTO catering.users (user_id, active, last_name, login, name, password, super_admin, department_id) VALUES (48, true, 'Kowalska ', 'BKowalska ', 'Bogusława', '$2a$10$0hhVGiYQz396mQCZTAE9P.MoMdu2GfhzCNW/cDsxpuLVj16B8Aa3S', false, 2);
INSERT INTO catering.users (user_id, active, last_name, login, name, password, super_admin, department_id) VALUES (49, true, 'Kuczmierczyk ', 'PKuczmierczyk ', 'Paulina', '$2a$10$0hhVGiYQz396mQCZTAE9P.MoMdu2GfhzCNW/cDsxpuLVj16B8Aa3S', false, 2);
INSERT INTO catering.users (user_id, active, last_name, login, name, password, super_admin, department_id) VALUES (50, true, 'Matejczyk ', 'TMatejczyk ', 'Tomasz', '$2a$10$0hhVGiYQz396mQCZTAE9P.MoMdu2GfhzCNW/cDsxpuLVj16B8Aa3S', false, 2);
INSERT INTO catering.users (user_id, active, last_name, login, name, password, super_admin, department_id) VALUES (51, true, 'Matuszczak ', 'SMatuszczak ', 'Sylwia', '$2a$10$0hhVGiYQz396mQCZTAE9P.MoMdu2GfhzCNW/cDsxpuLVj16B8Aa3S', false, 3);
INSERT INTO catering.users (user_id, active, last_name, login, name, password, super_admin, department_id) VALUES (52, true, 'Oślak ', 'SOślak ', 'Sabina', '$2a$10$0hhVGiYQz396mQCZTAE9P.MoMdu2GfhzCNW/cDsxpuLVj16B8Aa3S', false, 3);
INSERT INTO catering.users (user_id, active, last_name, login, name, password, super_admin, department_id) VALUES (53, true, 'Piecha ', 'WPiecha ', 'Wojciech', '$2a$10$0hhVGiYQz396mQCZTAE9P.MoMdu2GfhzCNW/cDsxpuLVj16B8Aa3S', false, 2);
INSERT INTO catering.users (user_id, active, last_name, login, name, password, super_admin, department_id) VALUES (54, true, 'Różański ', 'KRóżański ', 'Kamil', '$2a$10$0hhVGiYQz396mQCZTAE9P.MoMdu2GfhzCNW/cDsxpuLVj16B8Aa3S', false, 2);
INSERT INTO catering.users (user_id, active, last_name, login, name, password, super_admin, department_id) VALUES (55, true, 'Sosna ', 'ASosna ', 'Aneta', '$2a$10$0hhVGiYQz396mQCZTAE9P.MoMdu2GfhzCNW/cDsxpuLVj16B8Aa3S', false, 3);
INSERT INTO catering.users (user_id, active, last_name, login, name, password, super_admin, department_id) VALUES (56, true, 'Sosna ', 'MSosna ', 'Mirosław', '$2a$10$0hhVGiYQz396mQCZTAE9P.MoMdu2GfhzCNW/cDsxpuLVj16B8Aa3S', false, 3);
INSERT INTO catering.users (user_id, active, last_name, login, name, password, super_admin, department_id) VALUES (57, true, 'Stachura ', 'WStachura ', 'Wojciech', '$2a$10$0hhVGiYQz396mQCZTAE9P.MoMdu2GfhzCNW/cDsxpuLVj16B8Aa3S', false, 2);
INSERT INTO catering.users (user_id, active, last_name, login, name, password, super_admin, department_id) VALUES (58, true, 'Szymla ', 'ESzymla ', 'Ewelina', '$2a$10$0hhVGiYQz396mQCZTAE9P.MoMdu2GfhzCNW/cDsxpuLVj16B8Aa3S', false, 2);
INSERT INTO catering.users (user_id, active, last_name, login, name, password, super_admin, department_id) VALUES (59, true, 'Wawak ', 'RWawak ', 'Radosław', '$2a$10$0hhVGiYQz396mQCZTAE9P.MoMdu2GfhzCNW/cDsxpuLVj16B8Aa3S', false, 2);
INSERT INTO catering.users (user_id, active, last_name, login, name, password, super_admin, department_id) VALUES (60, true, 'Czulak ', 'ZCzulak ', 'Zofia', '$2a$10$0hhVGiYQz396mQCZTAE9P.MoMdu2GfhzCNW/cDsxpuLVj16B8Aa3S', false, 6);
INSERT INTO catering.users (user_id, active, last_name, login, name, password, super_admin, department_id) VALUES (61, true, 'Danek ', 'FDanek ', 'Franciszek', '$2a$10$0hhVGiYQz396mQCZTAE9P.MoMdu2GfhzCNW/cDsxpuLVj16B8Aa3S', false, 6);
INSERT INTO catering.users (user_id, active, last_name, login, name, password, super_admin, department_id) VALUES (62, true, 'Elkofti ', 'MElkofti ', 'Mohamed', '$2a$10$0hhVGiYQz396mQCZTAE9P.MoMdu2GfhzCNW/cDsxpuLVj16B8Aa3S', false, 6);
INSERT INTO catering.users (user_id, active, last_name, login, name, password, super_admin, department_id) VALUES (63, true, 'Foltyn ', 'MaFoltyn ', 'Maria', '$2a$10$0hhVGiYQz396mQCZTAE9P.MoMdu2GfhzCNW/cDsxpuLVj16B8Aa3S', false, 6);
INSERT INTO catering.users (user_id, active, last_name, login, name, password, super_admin, department_id) VALUES (64, true, 'Matejko ', 'RMatejko ', 'Renata', '$2a$10$0hhVGiYQz396mQCZTAE9P.MoMdu2GfhzCNW/cDsxpuLVj16B8Aa3S', false, 6);
INSERT INTO catering.users (user_id, active, last_name, login, name, password, super_admin, department_id) VALUES (65, true, 'Matlak ', 'EMatlak ', 'Ewa', '$2a$10$0hhVGiYQz396mQCZTAE9P.MoMdu2GfhzCNW/cDsxpuLVj16B8Aa3S', false, 6);
INSERT INTO catering.users (user_id, active, last_name, login, name, password, super_admin, department_id) VALUES (66, true, 'Matuszczak ', 'MMatuszczak ', 'Marek', '$2a$10$0hhVGiYQz396mQCZTAE9P.MoMdu2GfhzCNW/cDsxpuLVj16B8Aa3S', false, 6);
INSERT INTO catering.users (user_id, active, last_name, login, name, password, super_admin, department_id) VALUES (67, true, 'Prusinowski ', 'EPrusinowski ', 'Edmund', '$2a$10$0hhVGiYQz396mQCZTAE9P.MoMdu2GfhzCNW/cDsxpuLVj16B8Aa3S', false, 6);
INSERT INTO catering.users (user_id, active, last_name, login, name, password, super_admin, department_id) VALUES (68, true, 'Rajda ', 'RRajda ', 'Renata', '$2a$10$0hhVGiYQz396mQCZTAE9P.MoMdu2GfhzCNW/cDsxpuLVj16B8Aa3S', false, 6);
INSERT INTO catering.users (user_id, active, last_name, login, name, password, super_admin, department_id) VALUES (69, true, 'Wawak ', 'AWawak ', 'Adam', '$2a$10$0hhVGiYQz396mQCZTAE9P.MoMdu2GfhzCNW/cDsxpuLVj16B8Aa3S', false, 6);
INSERT INTO catering.users (user_id, active, last_name, login, name, password, super_admin, department_id) VALUES (72, true, 'Adamczyk ', 'RAdamczyk ', 'Renata', '$2a$10$0hhVGiYQz396mQCZTAE9P.MoMdu2GfhzCNW/cDsxpuLVj16B8Aa3S', false, 1);
INSERT INTO catering.users (user_id, active, last_name, login, name, password, super_admin, department_id) VALUES (73, true, 'Adamus ', 'AAdamus ', 'Aleksandra', '$2a$10$0hhVGiYQz396mQCZTAE9P.MoMdu2GfhzCNW/cDsxpuLVj16B8Aa3S', false, 1);
INSERT INTO catering.users (user_id, active, last_name, login, name, password, super_admin, department_id) VALUES (74, true, 'Baka ', 'ABaka ', 'Alicja', '$2a$10$0hhVGiYQz396mQCZTAE9P.MoMdu2GfhzCNW/cDsxpuLVj16B8Aa3S', false, 1);
INSERT INTO catering.users (user_id, active, last_name, login, name, password, super_admin, department_id) VALUES (75, true, 'Bakalarska ', 'BBakalarska ', 'Barbara', '$2a$10$0hhVGiYQz396mQCZTAE9P.MoMdu2GfhzCNW/cDsxpuLVj16B8Aa3S', false, 1);
INSERT INTO catering.users (user_id, active, last_name, login, name, password, super_admin, department_id) VALUES (76, true, 'Bakalarska ', 'DBakalarska ', 'Dominika', '$2a$10$0hhVGiYQz396mQCZTAE9P.MoMdu2GfhzCNW/cDsxpuLVj16B8Aa3S', false, 1);
INSERT INTO catering.users (user_id, active, last_name, login, name, password, super_admin, department_id) VALUES (77, true, 'Bakalarska ', 'KBakalarska ', 'Katarzyna', '$2a$10$0hhVGiYQz396mQCZTAE9P.MoMdu2GfhzCNW/cDsxpuLVj16B8Aa3S', false, 1);
INSERT INTO catering.users (user_id, active, last_name, login, name, password, super_admin, department_id) VALUES (78, true, 'Bakalarski ', 'KBakalarski ', 'Kamil', '$2a$10$0hhVGiYQz396mQCZTAE9P.MoMdu2GfhzCNW/cDsxpuLVj16B8Aa3S', false, 1);
INSERT INTO catering.users (user_id, active, last_name, login, name, password, super_admin, department_id) VALUES (79, true, 'Bakalarski ', 'MBakalarski ', 'Michał', '$2a$10$0hhVGiYQz396mQCZTAE9P.MoMdu2GfhzCNW/cDsxpuLVj16B8Aa3S', false, 1);
INSERT INTO catering.users (user_id, active, last_name, login, name, password, super_admin, department_id) VALUES (80, true, 'Bargieł ', 'BBargieł ', 'Beata', '$2a$10$0hhVGiYQz396mQCZTAE9P.MoMdu2GfhzCNW/cDsxpuLVj16B8Aa3S', false, 1);
INSERT INTO catering.users (user_id, active, last_name, login, name, password, super_admin, department_id) VALUES (81, true, 'Bech Agnieszka (p', 'ABech Agnieszka (p', 'Agnieszka ', '$2a$10$0hhVGiYQz396mQCZTAE9P.MoMdu2GfhzCNW/cDsxpuLVj16B8Aa3S', false, 1);
INSERT INTO catering.users (user_id, active, last_name, login, name, password, super_admin, department_id) VALUES (82, true, 'Bednarz ', 'MBednarz ', 'Małgorzata', '$2a$10$0hhVGiYQz396mQCZTAE9P.MoMdu2GfhzCNW/cDsxpuLVj16B8Aa3S', false, 1);
INSERT INTO catering.users (user_id, active, last_name, login, name, password, super_admin, department_id) VALUES (83, true, 'Belak ', 'WBelak ', 'Wojciech', '$2a$10$0hhVGiYQz396mQCZTAE9P.MoMdu2GfhzCNW/cDsxpuLVj16B8Aa3S', false, 1);
INSERT INTO catering.users (user_id, active, last_name, login, name, password, super_admin, department_id) VALUES (84, true, 'Berek ', 'PBerek ', 'Patryk', '$2a$10$0hhVGiYQz396mQCZTAE9P.MoMdu2GfhzCNW/cDsxpuLVj16B8Aa3S', false, 1);
INSERT INTO catering.users (user_id, active, last_name, login, name, password, super_admin, department_id) VALUES (85, true, 'Bierczak ', 'ABierczak ', 'Andrzej', '$2a$10$0hhVGiYQz396mQCZTAE9P.MoMdu2GfhzCNW/cDsxpuLVj16B8Aa3S', false, 1);
INSERT INTO catering.users (user_id, active, last_name, login, name, password, super_admin, department_id) VALUES (86, true, 'Binda ', 'LBinda ', 'Lidia', '$2a$10$0hhVGiYQz396mQCZTAE9P.MoMdu2GfhzCNW/cDsxpuLVj16B8Aa3S', false, 1);
INSERT INTO catering.users (user_id, active, last_name, login, name, password, super_admin, department_id) VALUES (87, true, 'Borak ', 'PBorak ', 'Przemysław', '$2a$10$0hhVGiYQz396mQCZTAE9P.MoMdu2GfhzCNW/cDsxpuLVj16B8Aa3S', false, 1);
INSERT INTO catering.users (user_id, active, last_name, login, name, password, super_admin, department_id) VALUES (88, true, 'Bułka ', 'GBułka ', 'Grzegorz', '$2a$10$0hhVGiYQz396mQCZTAE9P.MoMdu2GfhzCNW/cDsxpuLVj16B8Aa3S', false, 1);
INSERT INTO catering.users (user_id, active, last_name, login, name, password, super_admin, department_id) VALUES (89, true, 'Bułka ', 'IBułka ', 'Iwona', '$2a$10$0hhVGiYQz396mQCZTAE9P.MoMdu2GfhzCNW/cDsxpuLVj16B8Aa3S', false, 1);
INSERT INTO catering.users (user_id, active, last_name, login, name, password, super_admin, department_id) VALUES (90, true, 'Bułka ', 'MBułka ', 'Marzena', '$2a$10$0hhVGiYQz396mQCZTAE9P.MoMdu2GfhzCNW/cDsxpuLVj16B8Aa3S', false, 1);
INSERT INTO catering.users (user_id, active, last_name, login, name, password, super_admin, department_id) VALUES (91, true, 'Bury ', 'ZBury ', 'Zofia', '$2a$10$0hhVGiYQz396mQCZTAE9P.MoMdu2GfhzCNW/cDsxpuLVj16B8Aa3S', false, 1);
INSERT INTO catering.users (user_id, active, last_name, login, name, password, super_admin, department_id) VALUES (92, true, 'Butora-Kudłacik ', 'BButora-Kudłacik ', 'Barbara', '$2a$10$0hhVGiYQz396mQCZTAE9P.MoMdu2GfhzCNW/cDsxpuLVj16B8Aa3S', false, 1);
INSERT INTO catering.users (user_id, active, last_name, login, name, password, super_admin, department_id) VALUES (93, true, 'Byrska ', 'NByrska ', 'Natalia', '$2a$10$0hhVGiYQz396mQCZTAE9P.MoMdu2GfhzCNW/cDsxpuLVj16B8Aa3S', false, 1);
INSERT INTO catering.users (user_id, active, last_name, login, name, password, super_admin, department_id) VALUES (94, true, 'Cepiga ', 'GCepiga ', 'Grzegorz', '$2a$10$0hhVGiYQz396mQCZTAE9P.MoMdu2GfhzCNW/cDsxpuLVj16B8Aa3S', false, 1);
INSERT INTO catering.users (user_id, active, last_name, login, name, password, super_admin, department_id) VALUES (95, true, 'Chmielniak Jakub (p', 'JChmielniak Jakub (p', 'Jakub (por', '$2a$10$0hhVGiYQz396mQCZTAE9P.MoMdu2GfhzCNW/cDsxpuLVj16B8Aa3S', false, 1);
INSERT INTO catering.users (user_id, active, last_name, login, name, password, super_admin, department_id) VALUES (96, true, 'Chrobak ', 'NChrobak ', 'Natalia', '$2a$10$0hhVGiYQz396mQCZTAE9P.MoMdu2GfhzCNW/cDsxpuLVj16B8Aa3S', false, 1);
INSERT INTO catering.users (user_id, active, last_name, login, name, password, super_admin, department_id) VALUES (97, true, 'Chromy ', 'KChromy ', 'Katarzyna', '$2a$10$0hhVGiYQz396mQCZTAE9P.MoMdu2GfhzCNW/cDsxpuLVj16B8Aa3S', false, 1);
INSERT INTO catering.users (user_id, active, last_name, login, name, password, super_admin, department_id) VALUES (98, true, 'Chromy ', 'MChromy ', 'Marzena', '$2a$10$0hhVGiYQz396mQCZTAE9P.MoMdu2GfhzCNW/cDsxpuLVj16B8Aa3S', false, 1);
INSERT INTO catering.users (user_id, active, last_name, login, name, password, super_admin, department_id) VALUES (99, true, 'Chwalczyk ', 'MChwalczyk ', 'Magda', '$2a$10$0hhVGiYQz396mQCZTAE9P.MoMdu2GfhzCNW/cDsxpuLVj16B8Aa3S', false, 1);
INSERT INTO catering.users (user_id, active, last_name, login, name, password, super_admin, department_id) VALUES (100, true, 'Chwierut ', 'LChwierut ', 'Lucyna', '$2a$10$0hhVGiYQz396mQCZTAE9P.MoMdu2GfhzCNW/cDsxpuLVj16B8Aa3S', false, 1);
INSERT INTO catering.users (user_id, active, last_name, login, name, password, super_admin, department_id) VALUES (101, true, 'Cieśla Radosław (p', 'RCieśla Radosław (p', 'Radosław (', '$2a$10$0hhVGiYQz396mQCZTAE9P.MoMdu2GfhzCNW/cDsxpuLVj16B8Aa3S', false, 1);
INSERT INTO catering.users (user_id, active, last_name, login, name, password, super_admin, department_id) VALUES (102, true, 'Ciołek ', 'BCiołek ', 'Bożena ', '$2a$10$0hhVGiYQz396mQCZTAE9P.MoMdu2GfhzCNW/cDsxpuLVj16B8Aa3S', false, 1);
INSERT INTO catering.users (user_id, active, last_name, login, name, password, super_admin, department_id) VALUES (103, true, 'Ciołek ', 'KCiołek ', 'Katarzyna', '$2a$10$0hhVGiYQz396mQCZTAE9P.MoMdu2GfhzCNW/cDsxpuLVj16B8Aa3S', false, 1);
INSERT INTO catering.users (user_id, active, last_name, login, name, password, super_admin, department_id) VALUES (104, true, 'Czarnik ', 'DCzarnik ', 'Dorota', '$2a$10$0hhVGiYQz396mQCZTAE9P.MoMdu2GfhzCNW/cDsxpuLVj16B8Aa3S', false, 1);
INSERT INTO catering.users (user_id, active, last_name, login, name, password, super_admin, department_id) VALUES (105, true, 'Ćwiertnia ', 'MĆwiertnia ', 'Mirosław', '$2a$10$0hhVGiYQz396mQCZTAE9P.MoMdu2GfhzCNW/cDsxpuLVj16B8Aa3S', false, 1);
INSERT INTO catering.users (user_id, active, last_name, login, name, password, super_admin, department_id) VALUES (106, true, 'Damek ', 'BDamek ', 'Bogusław', '$2a$10$0hhVGiYQz396mQCZTAE9P.MoMdu2GfhzCNW/cDsxpuLVj16B8Aa3S', false, 1);
INSERT INTO catering.users (user_id, active, last_name, login, name, password, super_admin, department_id) VALUES (107, true, 'Damek ', 'KDamek ', 'Krystian', '$2a$10$0hhVGiYQz396mQCZTAE9P.MoMdu2GfhzCNW/cDsxpuLVj16B8Aa3S', false, 1);
INSERT INTO catering.users (user_id, active, last_name, login, name, password, super_admin, department_id) VALUES (108, true, 'Droździk ', 'KDroździk ', 'Kinga ', '$2a$10$0hhVGiYQz396mQCZTAE9P.MoMdu2GfhzCNW/cDsxpuLVj16B8Aa3S', false, 1);
INSERT INTO catering.users (user_id, active, last_name, login, name, password, super_admin, department_id) VALUES (109, true, 'Droździk ', 'ODroździk ', 'Oskar', '$2a$10$0hhVGiYQz396mQCZTAE9P.MoMdu2GfhzCNW/cDsxpuLVj16B8Aa3S', false, 1);
INSERT INTO catering.users (user_id, active, last_name, login, name, password, super_admin, department_id) VALUES (110, true, 'Dudek ', 'ADudek ', 'Andrzej', '$2a$10$0hhVGiYQz396mQCZTAE9P.MoMdu2GfhzCNW/cDsxpuLVj16B8Aa3S', false, 1);
INSERT INTO catering.users (user_id, active, last_name, login, name, password, super_admin, department_id) VALUES (111, true, 'Dwornik ', 'DDwornik ', 'Damian', '$2a$10$0hhVGiYQz396mQCZTAE9P.MoMdu2GfhzCNW/cDsxpuLVj16B8Aa3S', false, 1);
INSERT INTO catering.users (user_id, active, last_name, login, name, password, super_admin, department_id) VALUES (112, true, 'Dyczek ', 'ADyczek ', 'Adam', '$2a$10$0hhVGiYQz396mQCZTAE9P.MoMdu2GfhzCNW/cDsxpuLVj16B8Aa3S', false, 1);
INSERT INTO catering.users (user_id, active, last_name, login, name, password, super_admin, department_id) VALUES (113, true, 'Dyczek ', 'JDyczek ', 'Jakub', '$2a$10$0hhVGiYQz396mQCZTAE9P.MoMdu2GfhzCNW/cDsxpuLVj16B8Aa3S', false, 1);
INSERT INTO catering.users (user_id, active, last_name, login, name, password, super_admin, department_id) VALUES (114, true, 'Dyczek ', 'MDyczek ', 'Marek', '$2a$10$0hhVGiYQz396mQCZTAE9P.MoMdu2GfhzCNW/cDsxpuLVj16B8Aa3S', false, 1);
INSERT INTO catering.users (user_id, active, last_name, login, name, password, super_admin, department_id) VALUES (115, true, 'Dygorda ', 'RDygorda ', 'Rafał', '$2a$10$0hhVGiYQz396mQCZTAE9P.MoMdu2GfhzCNW/cDsxpuLVj16B8Aa3S', false, 1);
INSERT INTO catering.users (user_id, active, last_name, login, name, password, super_admin, department_id) VALUES (116, true, 'Fabia ', 'MFabia ', 'Marcin', '$2a$10$0hhVGiYQz396mQCZTAE9P.MoMdu2GfhzCNW/cDsxpuLVj16B8Aa3S', false, 1);
INSERT INTO catering.users (user_id, active, last_name, login, name, password, super_admin, department_id) VALUES (117, true, 'Foltyn ', 'MFoltyn ', 'Maciej', '$2a$10$0hhVGiYQz396mQCZTAE9P.MoMdu2GfhzCNW/cDsxpuLVj16B8Aa3S', false, 1);
INSERT INTO catering.users (user_id, active, last_name, login, name, password, super_admin, department_id) VALUES (118, true, 'Foltyn ', 'PFoltyn ', 'Paulina', '$2a$10$0hhVGiYQz396mQCZTAE9P.MoMdu2GfhzCNW/cDsxpuLVj16B8Aa3S', false, 1);
INSERT INTO catering.users (user_id, active, last_name, login, name, password, super_admin, department_id) VALUES (119, true, 'Formas ', 'MFormas ', 'Monika', '$2a$10$0hhVGiYQz396mQCZTAE9P.MoMdu2GfhzCNW/cDsxpuLVj16B8Aa3S', false, 1);
INSERT INTO catering.users (user_id, active, last_name, login, name, password, super_admin, department_id) VALUES (120, true, 'Fraś ', 'JFraś ', 'Jolanta', '$2a$10$0hhVGiYQz396mQCZTAE9P.MoMdu2GfhzCNW/cDsxpuLVj16B8Aa3S', false, 1);
INSERT INTO catering.users (user_id, active, last_name, login, name, password, super_admin, department_id) VALUES (121, true, 'Gabryś ', 'BGabryś ', 'Bożena', '$2a$10$0hhVGiYQz396mQCZTAE9P.MoMdu2GfhzCNW/cDsxpuLVj16B8Aa3S', false, 1);
INSERT INTO catering.users (user_id, active, last_name, login, name, password, super_admin, department_id) VALUES (122, true, 'Gałuszka ', 'MGałuszka ', 'Marcin', '$2a$10$0hhVGiYQz396mQCZTAE9P.MoMdu2GfhzCNW/cDsxpuLVj16B8Aa3S', false, 1);
INSERT INTO catering.users (user_id, active, last_name, login, name, password, super_admin, department_id) VALUES (123, true, 'Gałuszka ', 'SGałuszka ', 'Szymon', '$2a$10$0hhVGiYQz396mQCZTAE9P.MoMdu2GfhzCNW/cDsxpuLVj16B8Aa3S', false, 1);
INSERT INTO catering.users (user_id, active, last_name, login, name, password, super_admin, department_id) VALUES (124, true, 'Gawęda-Tutka ', 'MGawęda-Tutka ', 'Magdalena', '$2a$10$0hhVGiYQz396mQCZTAE9P.MoMdu2GfhzCNW/cDsxpuLVj16B8Aa3S', false, 1);
INSERT INTO catering.users (user_id, active, last_name, login, name, password, super_admin, department_id) VALUES (125, true, 'Gąsiorek ', 'MGąsiorek ', 'Mikołaj', '$2a$10$0hhVGiYQz396mQCZTAE9P.MoMdu2GfhzCNW/cDsxpuLVj16B8Aa3S', false, 1);
INSERT INTO catering.users (user_id, active, last_name, login, name, password, super_admin, department_id) VALUES (126, true, 'Ghannouchi ', 'CGhannouchi ', 'Chihab', '$2a$10$0hhVGiYQz396mQCZTAE9P.MoMdu2GfhzCNW/cDsxpuLVj16B8Aa3S', false, 1);
INSERT INTO catering.users (user_id, active, last_name, login, name, password, super_admin, department_id) VALUES (127, true, 'Gibas ', 'JGibas ', 'Justyna', '$2a$10$0hhVGiYQz396mQCZTAE9P.MoMdu2GfhzCNW/cDsxpuLVj16B8Aa3S', false, 1);
INSERT INTO catering.users (user_id, active, last_name, login, name, password, super_admin, department_id) VALUES (128, true, 'Gibas ', 'MGibas ', 'Mirosław', '$2a$10$0hhVGiYQz396mQCZTAE9P.MoMdu2GfhzCNW/cDsxpuLVj16B8Aa3S', false, 1);
INSERT INTO catering.users (user_id, active, last_name, login, name, password, super_admin, department_id) VALUES (129, true, 'Gnacy ', 'MGnacy ', 'Marcin', '$2a$10$0hhVGiYQz396mQCZTAE9P.MoMdu2GfhzCNW/cDsxpuLVj16B8Aa3S', false, 1);
INSERT INTO catering.users (user_id, active, last_name, login, name, password, super_admin, department_id) VALUES (130, true, 'Gniłka ', 'MGniłka ', 'Małgorzata', '$2a$10$0hhVGiYQz396mQCZTAE9P.MoMdu2GfhzCNW/cDsxpuLVj16B8Aa3S', false, 1);
INSERT INTO catering.users (user_id, active, last_name, login, name, password, super_admin, department_id) VALUES (131, true, 'Goliasz ', 'AGoliasz ', 'Anna', '$2a$10$0hhVGiYQz396mQCZTAE9P.MoMdu2GfhzCNW/cDsxpuLVj16B8Aa3S', false, 1);
INSERT INTO catering.users (user_id, active, last_name, login, name, password, super_admin, department_id) VALUES (132, true, 'Goliasz ', 'WGoliasz ', 'Wiesław', '$2a$10$0hhVGiYQz396mQCZTAE9P.MoMdu2GfhzCNW/cDsxpuLVj16B8Aa3S', false, 1);
INSERT INTO catering.users (user_id, active, last_name, login, name, password, super_admin, department_id) VALUES (133, true, 'Górka ', 'JGórka ', 'Jakub', '$2a$10$0hhVGiYQz396mQCZTAE9P.MoMdu2GfhzCNW/cDsxpuLVj16B8Aa3S', false, 1);
INSERT INTO catering.users (user_id, active, last_name, login, name, password, super_admin, department_id) VALUES (134, true, 'Grabska ', 'IGrabska ', 'Iwona', '$2a$10$0hhVGiYQz396mQCZTAE9P.MoMdu2GfhzCNW/cDsxpuLVj16B8Aa3S', false, 1);
INSERT INTO catering.users (user_id, active, last_name, login, name, password, super_admin, department_id) VALUES (135, true, 'Gregorczyk Grzegorz (p', 'GGregorczyk Grzegorz (p', 'Grzegorz (', '$2a$10$0hhVGiYQz396mQCZTAE9P.MoMdu2GfhzCNW/cDsxpuLVj16B8Aa3S', false, 1);
INSERT INTO catering.users (user_id, active, last_name, login, name, password, super_admin, department_id) VALUES (136, true, 'Gros ', 'ŁGros ', 'Łukasz', '$2a$10$0hhVGiYQz396mQCZTAE9P.MoMdu2GfhzCNW/cDsxpuLVj16B8Aa3S', false, 1);
INSERT INTO catering.users (user_id, active, last_name, login, name, password, super_admin, department_id) VALUES (137, true, 'Handzlik ', 'HHandzlik ', 'Helena', '$2a$10$0hhVGiYQz396mQCZTAE9P.MoMdu2GfhzCNW/cDsxpuLVj16B8Aa3S', false, 1);
INSERT INTO catering.users (user_id, active, last_name, login, name, password, super_admin, department_id) VALUES (138, true, 'Handzlik ', 'RHandzlik ', 'Rafał', '$2a$10$0hhVGiYQz396mQCZTAE9P.MoMdu2GfhzCNW/cDsxpuLVj16B8Aa3S', false, 1);
INSERT INTO catering.users (user_id, active, last_name, login, name, password, super_admin, department_id) VALUES (139, true, 'Handzlik ', 'SHandzlik ', 'Sylwia', '$2a$10$0hhVGiYQz396mQCZTAE9P.MoMdu2GfhzCNW/cDsxpuLVj16B8Aa3S', false, 1);
INSERT INTO catering.users (user_id, active, last_name, login, name, password, super_admin, department_id) VALUES (140, true, 'Hobrzyk ', 'AHobrzyk ', 'Agnieszka', '$2a$10$0hhVGiYQz396mQCZTAE9P.MoMdu2GfhzCNW/cDsxpuLVj16B8Aa3S', false, 1);
INSERT INTO catering.users (user_id, active, last_name, login, name, password, super_admin, department_id) VALUES (141, true, 'Iskierka ', 'DIskierka ', 'Dagmara', '$2a$10$0hhVGiYQz396mQCZTAE9P.MoMdu2GfhzCNW/cDsxpuLVj16B8Aa3S', false, 1);
INSERT INTO catering.users (user_id, active, last_name, login, name, password, super_admin, department_id) VALUES (142, true, 'Jabłoński Kamil (p', 'KJabłoński Kamil (p', 'Kamil (por', '$2a$10$0hhVGiYQz396mQCZTAE9P.MoMdu2GfhzCNW/cDsxpuLVj16B8Aa3S', false, 1);
INSERT INTO catering.users (user_id, active, last_name, login, name, password, super_admin, department_id) VALUES (143, true, 'Jakubiec ', 'AJakubiec ', 'Agata', '$2a$10$0hhVGiYQz396mQCZTAE9P.MoMdu2GfhzCNW/cDsxpuLVj16B8Aa3S', false, 1);
INSERT INTO catering.users (user_id, active, last_name, login, name, password, super_admin, department_id) VALUES (144, true, 'Jarosz ', 'KJarosz ', 'Katarzyna', '$2a$10$0hhVGiYQz396mQCZTAE9P.MoMdu2GfhzCNW/cDsxpuLVj16B8Aa3S', false, 1);
INSERT INTO catering.users (user_id, active, last_name, login, name, password, super_admin, department_id) VALUES (145, true, 'Jezierska (Pypno) Monika (p', '(Jezierska (Pypno) Monika (p', '(Pypno) Mo', '$2a$10$0hhVGiYQz396mQCZTAE9P.MoMdu2GfhzCNW/cDsxpuLVj16B8Aa3S', false, 1);
INSERT INTO catering.users (user_id, active, last_name, login, name, password, super_admin, department_id) VALUES (146, true, 'Juras ', 'KJuras ', 'Konrad', '$2a$10$0hhVGiYQz396mQCZTAE9P.MoMdu2GfhzCNW/cDsxpuLVj16B8Aa3S', false, 1);
INSERT INTO catering.users (user_id, active, last_name, login, name, password, super_admin, department_id) VALUES (147, true, 'Jurczak ', 'EJurczak ', 'Elżbieta', '$2a$10$0hhVGiYQz396mQCZTAE9P.MoMdu2GfhzCNW/cDsxpuLVj16B8Aa3S', false, 1);
INSERT INTO catering.users (user_id, active, last_name, login, name, password, super_admin, department_id) VALUES (148, true, 'Jurczak ', 'KJurczak ', 'Konrad', '$2a$10$0hhVGiYQz396mQCZTAE9P.MoMdu2GfhzCNW/cDsxpuLVj16B8Aa3S', false, 1);
INSERT INTO catering.users (user_id, active, last_name, login, name, password, super_admin, department_id) VALUES (149, true, 'Kaczmarczyk ', 'KKaczmarczyk ', 'Kamil', '$2a$10$0hhVGiYQz396mQCZTAE9P.MoMdu2GfhzCNW/cDsxpuLVj16B8Aa3S', false, 1);
INSERT INTO catering.users (user_id, active, last_name, login, name, password, super_admin, department_id) VALUES (150, true, 'Kaczmarczyk ', 'MKaczmarczyk ', 'Monika', '$2a$10$0hhVGiYQz396mQCZTAE9P.MoMdu2GfhzCNW/cDsxpuLVj16B8Aa3S', false, 1);
INSERT INTO catering.users (user_id, active, last_name, login, name, password, super_admin, department_id) VALUES (151, true, 'Kania ', 'MgKania ', 'Magdalena', '$2a$10$0hhVGiYQz396mQCZTAE9P.MoMdu2GfhzCNW/cDsxpuLVj16B8Aa3S', false, 1);
INSERT INTO catering.users (user_id, active, last_name, login, name, password, super_admin, department_id) VALUES (152, true, 'Kania ', 'MaKania ', 'Marcin', '$2a$10$0hhVGiYQz396mQCZTAE9P.MoMdu2GfhzCNW/cDsxpuLVj16B8Aa3S', false, 1);
INSERT INTO catering.users (user_id, active, last_name, login, name, password, super_admin, department_id) VALUES (153, true, 'Kanik ', 'IKanik ', 'Izabela', '$2a$10$0hhVGiYQz396mQCZTAE9P.MoMdu2GfhzCNW/cDsxpuLVj16B8Aa3S', false, 1);
INSERT INTO catering.users (user_id, active, last_name, login, name, password, super_admin, department_id) VALUES (154, true, 'Kanik ', 'JKanik ', 'Józef', '$2a$10$0hhVGiYQz396mQCZTAE9P.MoMdu2GfhzCNW/cDsxpuLVj16B8Aa3S', false, 1);
INSERT INTO catering.users (user_id, active, last_name, login, name, password, super_admin, department_id) VALUES (155, true, 'Karolczyk Agnieszka (daw', 'AKarolczyk Agnieszka (daw', 'Agnieszka ', '$2a$10$0hhVGiYQz396mQCZTAE9P.MoMdu2GfhzCNW/cDsxpuLVj16B8Aa3S', false, 1);
INSERT INTO catering.users (user_id, active, last_name, login, name, password, super_admin, department_id) VALUES (156, true, 'Kawala-Chwaszcz ', 'EKawala-Chwaszcz ', 'Elżbieta', '$2a$10$0hhVGiYQz396mQCZTAE9P.MoMdu2GfhzCNW/cDsxpuLVj16B8Aa3S', false, 1);
INSERT INTO catering.users (user_id, active, last_name, login, name, password, super_admin, department_id) VALUES (157, true, 'Kawalec Dorota (p', 'DKawalec Dorota (p', 'Dorota (po', '$2a$10$0hhVGiYQz396mQCZTAE9P.MoMdu2GfhzCNW/cDsxpuLVj16B8Aa3S', false, 1);
INSERT INTO catering.users (user_id, active, last_name, login, name, password, super_admin, department_id) VALUES (158, true, 'Klęczar ', 'MKlęczar ', 'Marek', '$2a$10$0hhVGiYQz396mQCZTAE9P.MoMdu2GfhzCNW/cDsxpuLVj16B8Aa3S', false, 1);
INSERT INTO catering.users (user_id, active, last_name, login, name, password, super_admin, department_id) VALUES (159, true, 'Klęczar ', 'RKlęczar ', 'Renata', '$2a$10$0hhVGiYQz396mQCZTAE9P.MoMdu2GfhzCNW/cDsxpuLVj16B8Aa3S', false, 1);
INSERT INTO catering.users (user_id, active, last_name, login, name, password, super_admin, department_id) VALUES (160, true, 'Kliś ', 'AKliś ', 'Agata', '$2a$10$0hhVGiYQz396mQCZTAE9P.MoMdu2GfhzCNW/cDsxpuLVj16B8Aa3S', false, 1);
INSERT INTO catering.users (user_id, active, last_name, login, name, password, super_admin, department_id) VALUES (161, true, 'Kliś ', 'JKliś ', 'Jarosław', '$2a$10$0hhVGiYQz396mQCZTAE9P.MoMdu2GfhzCNW/cDsxpuLVj16B8Aa3S', false, 1);
INSERT INTO catering.users (user_id, active, last_name, login, name, password, super_admin, department_id) VALUES (162, true, 'Koczur ', 'MKoczur ', 'Mariusz', '$2a$10$0hhVGiYQz396mQCZTAE9P.MoMdu2GfhzCNW/cDsxpuLVj16B8Aa3S', false, 1);
INSERT INTO catering.users (user_id, active, last_name, login, name, password, super_admin, department_id) VALUES (163, true, 'Kojder ', 'GKojder ', 'Grzegorz', '$2a$10$0hhVGiYQz396mQCZTAE9P.MoMdu2GfhzCNW/cDsxpuLVj16B8Aa3S', false, 1);
INSERT INTO catering.users (user_id, active, last_name, login, name, password, super_admin, department_id) VALUES (164, true, 'Kolber ', 'HKolber ', 'Halina', '$2a$10$0hhVGiYQz396mQCZTAE9P.MoMdu2GfhzCNW/cDsxpuLVj16B8Aa3S', false, 1);
INSERT INTO catering.users (user_id, active, last_name, login, name, password, super_admin, department_id) VALUES (165, true, 'Komendera ', 'MKomendera ', 'Marcin', '$2a$10$0hhVGiYQz396mQCZTAE9P.MoMdu2GfhzCNW/cDsxpuLVj16B8Aa3S', false, 1);
INSERT INTO catering.users (user_id, active, last_name, login, name, password, super_admin, department_id) VALUES (166, true, 'Koniorczyk ', 'JKoniorczyk ', 'Jowita', '$2a$10$0hhVGiYQz396mQCZTAE9P.MoMdu2GfhzCNW/cDsxpuLVj16B8Aa3S', false, 1);
INSERT INTO catering.users (user_id, active, last_name, login, name, password, super_admin, department_id) VALUES (167, true, 'Koniorczyk ', 'RKoniorczyk ', 'Radosław', '$2a$10$0hhVGiYQz396mQCZTAE9P.MoMdu2GfhzCNW/cDsxpuLVj16B8Aa3S', false, 1);
INSERT INTO catering.users (user_id, active, last_name, login, name, password, super_admin, department_id) VALUES (168, true, 'Kowalczyk ', 'McKowalczyk ', 'Maciej', '$2a$10$0hhVGiYQz396mQCZTAE9P.MoMdu2GfhzCNW/cDsxpuLVj16B8Aa3S', false, 1);
INSERT INTO catering.users (user_id, active, last_name, login, name, password, super_admin, department_id) VALUES (169, true, 'Kowalczyk ', 'MtKowalczyk ', 'Mateusz', '$2a$10$0hhVGiYQz396mQCZTAE9P.MoMdu2GfhzCNW/cDsxpuLVj16B8Aa3S', false, 1);
INSERT INTO catering.users (user_id, active, last_name, login, name, password, super_admin, department_id) VALUES (170, true, 'Kowalczyk ', 'MrKowalczyk ', 'Marcin', '$2a$10$0hhVGiYQz396mQCZTAE9P.MoMdu2GfhzCNW/cDsxpuLVj16B8Aa3S', false, 1);
INSERT INTO catering.users (user_id, active, last_name, login, name, password, super_admin, department_id) VALUES (171, true, 'Kowalczyk ', 'PKowalczyk ', 'Piotr', '$2a$10$0hhVGiYQz396mQCZTAE9P.MoMdu2GfhzCNW/cDsxpuLVj16B8Aa3S', false, 1);
INSERT INTO catering.users (user_id, active, last_name, login, name, password, super_admin, department_id) VALUES (172, true, 'Kowalska ', 'SKowalska ', 'Sabina', '$2a$10$0hhVGiYQz396mQCZTAE9P.MoMdu2GfhzCNW/cDsxpuLVj16B8Aa3S', false, 1);
INSERT INTO catering.users (user_id, active, last_name, login, name, password, super_admin, department_id) VALUES (173, true, 'Kozieł ', 'GKozieł ', 'Grzegorz', '$2a$10$0hhVGiYQz396mQCZTAE9P.MoMdu2GfhzCNW/cDsxpuLVj16B8Aa3S', false, 1);
INSERT INTO catering.users (user_id, active, last_name, login, name, password, super_admin, department_id) VALUES (174, true, 'Króliczek ', 'MKróliczek ', 'Małgorzata', '$2a$10$0hhVGiYQz396mQCZTAE9P.MoMdu2GfhzCNW/cDsxpuLVj16B8Aa3S', false, 1);
INSERT INTO catering.users (user_id, active, last_name, login, name, password, super_admin, department_id) VALUES (175, true, 'Krupnik ', 'KKrupnik ', 'Karolina', '$2a$10$0hhVGiYQz396mQCZTAE9P.MoMdu2GfhzCNW/cDsxpuLVj16B8Aa3S', false, 1);
INSERT INTO catering.users (user_id, active, last_name, login, name, password, super_admin, department_id) VALUES (176, true, 'Kubiczek ', 'AKubiczek ', 'Anna', '$2a$10$0hhVGiYQz396mQCZTAE9P.MoMdu2GfhzCNW/cDsxpuLVj16B8Aa3S', false, 1);
INSERT INTO catering.users (user_id, active, last_name, login, name, password, super_admin, department_id) VALUES (177, true, 'Kubik ', 'PKubik ', 'Paweł', '$2a$10$0hhVGiYQz396mQCZTAE9P.MoMdu2GfhzCNW/cDsxpuLVj16B8Aa3S', false, 1);
INSERT INTO catering.users (user_id, active, last_name, login, name, password, super_admin, department_id) VALUES (178, true, 'Kućka ', 'MKućka ', 'Mateusz', '$2a$10$0hhVGiYQz396mQCZTAE9P.MoMdu2GfhzCNW/cDsxpuLVj16B8Aa3S', false, 1);
INSERT INTO catering.users (user_id, active, last_name, login, name, password, super_admin, department_id) VALUES (179, true, 'Kudłacik ', 'JKudłacik ', 'Joanna', '$2a$10$0hhVGiYQz396mQCZTAE9P.MoMdu2GfhzCNW/cDsxpuLVj16B8Aa3S', false, 1);
INSERT INTO catering.users (user_id, active, last_name, login, name, password, super_admin, department_id) VALUES (180, true, 'Kurstak ', 'DKurstak ', 'Dawid', '$2a$10$0hhVGiYQz396mQCZTAE9P.MoMdu2GfhzCNW/cDsxpuLVj16B8Aa3S', false, 1);
INSERT INTO catering.users (user_id, active, last_name, login, name, password, super_admin, department_id) VALUES (181, true, 'Kuźnik ', 'IKuźnik ', 'Izabela', '$2a$10$0hhVGiYQz396mQCZTAE9P.MoMdu2GfhzCNW/cDsxpuLVj16B8Aa3S', false, 1);
INSERT INTO catering.users (user_id, active, last_name, login, name, password, super_admin, department_id) VALUES (182, true, 'Lach ', 'KLach ', 'Klaudia', '$2a$10$0hhVGiYQz396mQCZTAE9P.MoMdu2GfhzCNW/cDsxpuLVj16B8Aa3S', false, 1);
INSERT INTO catering.users (user_id, active, last_name, login, name, password, super_admin, department_id) VALUES (183, true, 'Laszczak ', 'KLaszczak ', 'Katarzyna', '$2a$10$0hhVGiYQz396mQCZTAE9P.MoMdu2GfhzCNW/cDsxpuLVj16B8Aa3S', false, 1);
INSERT INTO catering.users (user_id, active, last_name, login, name, password, super_admin, department_id) VALUES (184, true, 'Laszczak ', 'RLaszczak ', 'Radosław', '$2a$10$0hhVGiYQz396mQCZTAE9P.MoMdu2GfhzCNW/cDsxpuLVj16B8Aa3S', false, 1);
INSERT INTO catering.users (user_id, active, last_name, login, name, password, super_admin, department_id) VALUES (185, true, 'Legut ', 'PLegut ', 'Piotr', '$2a$10$0hhVGiYQz396mQCZTAE9P.MoMdu2GfhzCNW/cDsxpuLVj16B8Aa3S', false, 1);
INSERT INTO catering.users (user_id, active, last_name, login, name, password, super_admin, department_id) VALUES (186, true, 'Lubańska ', 'ILubańska ', 'Iwona', '$2a$10$0hhVGiYQz396mQCZTAE9P.MoMdu2GfhzCNW/cDsxpuLVj16B8Aa3S', false, 1);
INSERT INTO catering.users (user_id, active, last_name, login, name, password, super_admin, department_id) VALUES (187, true, 'Lubański ', 'MLubański ', 'Maciej', '$2a$10$0hhVGiYQz396mQCZTAE9P.MoMdu2GfhzCNW/cDsxpuLVj16B8Aa3S', false, 1);
INSERT INTO catering.users (user_id, active, last_name, login, name, password, super_admin, department_id) VALUES (188, true, 'Lubańska ', 'PLubańska ', 'Paulina', '$2a$10$0hhVGiYQz396mQCZTAE9P.MoMdu2GfhzCNW/cDsxpuLVj16B8Aa3S', false, 1);
INSERT INTO catering.users (user_id, active, last_name, login, name, password, super_admin, department_id) VALUES (189, true, 'Luranc ', 'JLuranc ', 'Joanna', '$2a$10$0hhVGiYQz396mQCZTAE9P.MoMdu2GfhzCNW/cDsxpuLVj16B8Aa3S', false, 1);
INSERT INTO catering.users (user_id, active, last_name, login, name, password, super_admin, department_id) VALUES (190, true, 'Luranc ', 'KLuranc ', 'Kacper', '$2a$10$0hhVGiYQz396mQCZTAE9P.MoMdu2GfhzCNW/cDsxpuLVj16B8Aa3S', false, 1);
INSERT INTO catering.users (user_id, active, last_name, login, name, password, super_admin, department_id) VALUES (191, true, 'Łyczko Rafał (p', 'RŁyczko Rafał (p', 'Rafał (por', '$2a$10$0hhVGiYQz396mQCZTAE9P.MoMdu2GfhzCNW/cDsxpuLVj16B8Aa3S', false, 1);
INSERT INTO catering.users (user_id, active, last_name, login, name, password, super_admin, department_id) VALUES (192, true, 'Maduzia ', 'GMaduzia ', 'Grażyna', '$2a$10$0hhVGiYQz396mQCZTAE9P.MoMdu2GfhzCNW/cDsxpuLVj16B8Aa3S', false, 1);
INSERT INTO catering.users (user_id, active, last_name, login, name, password, super_admin, department_id) VALUES (193, true, 'Maj ', 'MMaj ', 'Mariusz', '$2a$10$0hhVGiYQz396mQCZTAE9P.MoMdu2GfhzCNW/cDsxpuLVj16B8Aa3S', false, 1);
INSERT INTO catering.users (user_id, active, last_name, login, name, password, super_admin, department_id) VALUES (194, true, 'Majdak ', 'AMajdak ', 'Andrzej', '$2a$10$0hhVGiYQz396mQCZTAE9P.MoMdu2GfhzCNW/cDsxpuLVj16B8Aa3S', false, 1);
INSERT INTO catering.users (user_id, active, last_name, login, name, password, super_admin, department_id) VALUES (195, true, 'Majdak ', 'BMajdak ', 'Bogusław', '$2a$10$0hhVGiYQz396mQCZTAE9P.MoMdu2GfhzCNW/cDsxpuLVj16B8Aa3S', false, 1);
INSERT INTO catering.users (user_id, active, last_name, login, name, password, super_admin, department_id) VALUES (196, true, 'Majdak ', 'JMajdak ', 'Jolanta', '$2a$10$0hhVGiYQz396mQCZTAE9P.MoMdu2GfhzCNW/cDsxpuLVj16B8Aa3S', false, 1);
INSERT INTO catering.users (user_id, active, last_name, login, name, password, super_admin, department_id) VALUES (197, true, 'Majdak ', 'PMajdak ', 'Paulina', '$2a$10$0hhVGiYQz396mQCZTAE9P.MoMdu2GfhzCNW/cDsxpuLVj16B8Aa3S', false, 1);
INSERT INTO catering.users (user_id, active, last_name, login, name, password, super_admin, department_id) VALUES (198, true, 'Majdak ', 'RMajdak ', 'Robert', '$2a$10$0hhVGiYQz396mQCZTAE9P.MoMdu2GfhzCNW/cDsxpuLVj16B8Aa3S', false, 1);
INSERT INTO catering.users (user_id, active, last_name, login, name, password, super_admin, department_id) VALUES (199, true, 'Malinowski ', 'JMalinowski ', 'Jacek', '$2a$10$0hhVGiYQz396mQCZTAE9P.MoMdu2GfhzCNW/cDsxpuLVj16B8Aa3S', false, 1);
INSERT INTO catering.users (user_id, active, last_name, login, name, password, super_admin, department_id) VALUES (200, true, 'Małecka ', 'AMałecka ', 'Agnieszka', '$2a$10$0hhVGiYQz396mQCZTAE9P.MoMdu2GfhzCNW/cDsxpuLVj16B8Aa3S', false, 1);
INSERT INTO catering.users (user_id, active, last_name, login, name, password, super_admin, department_id) VALUES (201, true, 'Małecka ', 'BMałecka ', 'Beata', '$2a$10$0hhVGiYQz396mQCZTAE9P.MoMdu2GfhzCNW/cDsxpuLVj16B8Aa3S', false, 1);
INSERT INTO catering.users (user_id, active, last_name, login, name, password, super_admin, department_id) VALUES (202, true, 'Małecka ', 'KMałecka ', 'Kamila', '$2a$10$0hhVGiYQz396mQCZTAE9P.MoMdu2GfhzCNW/cDsxpuLVj16B8Aa3S', false, 1);
INSERT INTO catering.users (user_id, active, last_name, login, name, password, super_admin, department_id) VALUES (203, true, 'Marczak ', 'DMarczak ', 'Daniel', '$2a$10$0hhVGiYQz396mQCZTAE9P.MoMdu2GfhzCNW/cDsxpuLVj16B8Aa3S', false, 1);
INSERT INTO catering.users (user_id, active, last_name, login, name, password, super_admin, department_id) VALUES (204, true, 'Marczak ', 'ZMarczak ', 'Zbigniew', '$2a$10$0hhVGiYQz396mQCZTAE9P.MoMdu2GfhzCNW/cDsxpuLVj16B8Aa3S', false, 1);
INSERT INTO catering.users (user_id, active, last_name, login, name, password, super_admin, department_id) VALUES (205, true, 'Markowska ', 'RMarkowska ', 'Renata', '$2a$10$0hhVGiYQz396mQCZTAE9P.MoMdu2GfhzCNW/cDsxpuLVj16B8Aa3S', false, 1);
INSERT INTO catering.users (user_id, active, last_name, login, name, password, super_admin, department_id) VALUES (206, true, 'Martyniak Bogdan (p', 'BMartyniak Bogdan (p', 'Bogdan (po', '$2a$10$0hhVGiYQz396mQCZTAE9P.MoMdu2GfhzCNW/cDsxpuLVj16B8Aa3S', false, 1);
INSERT INTO catering.users (user_id, active, last_name, login, name, password, super_admin, department_id) VALUES (207, true, 'Matejko ', 'AMatejko ', 'Aneta', '$2a$10$0hhVGiYQz396mQCZTAE9P.MoMdu2GfhzCNW/cDsxpuLVj16B8Aa3S', false, 1);
INSERT INTO catering.users (user_id, active, last_name, login, name, password, super_admin, department_id) VALUES (208, true, 'Matejko ', 'KMatejko ', 'Kamil', '$2a$10$0hhVGiYQz396mQCZTAE9P.MoMdu2GfhzCNW/cDsxpuLVj16B8Aa3S', false, 1);
INSERT INTO catering.users (user_id, active, last_name, login, name, password, super_admin, department_id) VALUES (209, true, 'Matusiak ', 'KMatusiak ', 'Konrad', '$2a$10$0hhVGiYQz396mQCZTAE9P.MoMdu2GfhzCNW/cDsxpuLVj16B8Aa3S', false, 1);
INSERT INTO catering.users (user_id, active, last_name, login, name, password, super_admin, department_id) VALUES (210, true, 'Matusiak ', 'TMatusiak ', 'Teresa', '$2a$10$0hhVGiYQz396mQCZTAE9P.MoMdu2GfhzCNW/cDsxpuLVj16B8Aa3S', false, 1);
INSERT INTO catering.users (user_id, active, last_name, login, name, password, super_admin, department_id) VALUES (211, true, 'Michałowski ', 'SMichałowski ', 'Sławomir', '$2a$10$0hhVGiYQz396mQCZTAE9P.MoMdu2GfhzCNW/cDsxpuLVj16B8Aa3S', false, 1);
INSERT INTO catering.users (user_id, active, last_name, login, name, password, super_admin, department_id) VALUES (212, true, 'Mikler ', 'AMikler ', 'Anna', '$2a$10$0hhVGiYQz396mQCZTAE9P.MoMdu2GfhzCNW/cDsxpuLVj16B8Aa3S', false, 1);
INSERT INTO catering.users (user_id, active, last_name, login, name, password, super_admin, department_id) VALUES (213, true, 'Mirocha ', 'DMirocha ', 'Dawid', '$2a$10$0hhVGiYQz396mQCZTAE9P.MoMdu2GfhzCNW/cDsxpuLVj16B8Aa3S', false, 1);
INSERT INTO catering.users (user_id, active, last_name, login, name, password, super_admin, department_id) VALUES (214, true, 'Mirocha ', 'IMirocha ', 'Ilona', '$2a$10$0hhVGiYQz396mQCZTAE9P.MoMdu2GfhzCNW/cDsxpuLVj16B8Aa3S', false, 1);
INSERT INTO catering.users (user_id, active, last_name, login, name, password, super_admin, department_id) VALUES (215, true, 'Mitoraj ', 'KMitoraj ', 'Krystyna', '$2a$10$0hhVGiYQz396mQCZTAE9P.MoMdu2GfhzCNW/cDsxpuLVj16B8Aa3S', false, 1);
INSERT INTO catering.users (user_id, active, last_name, login, name, password, super_admin, department_id) VALUES (216, true, 'Molek ', 'SMolek ', 'Stanisław', '$2a$10$0hhVGiYQz396mQCZTAE9P.MoMdu2GfhzCNW/cDsxpuLVj16B8Aa3S', false, 1);
INSERT INTO catering.users (user_id, active, last_name, login, name, password, super_admin, department_id) VALUES (217, true, 'Mosińska ', 'IMosińska ', 'Irena', '$2a$10$0hhVGiYQz396mQCZTAE9P.MoMdu2GfhzCNW/cDsxpuLVj16B8Aa3S', false, 1);
INSERT INTO catering.users (user_id, active, last_name, login, name, password, super_admin, department_id) VALUES (218, true, 'Mosiński ', 'DMosiński ', 'Daniel', '$2a$10$0hhVGiYQz396mQCZTAE9P.MoMdu2GfhzCNW/cDsxpuLVj16B8Aa3S', false, 1);
INSERT INTO catering.users (user_id, active, last_name, login, name, password, super_admin, department_id) VALUES (219, true, 'Mroczek ', 'AMroczek ', 'Aneta ', '$2a$10$0hhVGiYQz396mQCZTAE9P.MoMdu2GfhzCNW/cDsxpuLVj16B8Aa3S', false, 1);
INSERT INTO catering.users (user_id, active, last_name, login, name, password, super_admin, department_id) VALUES (220, true, 'Muchewicz ', 'PMuchewicz ', 'Patryk', '$2a$10$0hhVGiYQz396mQCZTAE9P.MoMdu2GfhzCNW/cDsxpuLVj16B8Aa3S', false, 1);
INSERT INTO catering.users (user_id, active, last_name, login, name, password, super_admin, department_id) VALUES (221, true, 'Mularczyk ', 'SMularczyk ', 'Sylwia', '$2a$10$0hhVGiYQz396mQCZTAE9P.MoMdu2GfhzCNW/cDsxpuLVj16B8Aa3S', false, 1);
INSERT INTO catering.users (user_id, active, last_name, login, name, password, super_admin, department_id) VALUES (222, true, 'Musiał ', 'KMusiał ', 'Klaudia', '$2a$10$0hhVGiYQz396mQCZTAE9P.MoMdu2GfhzCNW/cDsxpuLVj16B8Aa3S', false, 1);
INSERT INTO catering.users (user_id, active, last_name, login, name, password, super_admin, department_id) VALUES (223, true, 'Naglik ', 'DNaglik ', 'Dorota', '$2a$10$0hhVGiYQz396mQCZTAE9P.MoMdu2GfhzCNW/cDsxpuLVj16B8Aa3S', false, 1);
INSERT INTO catering.users (user_id, active, last_name, login, name, password, super_admin, department_id) VALUES (224, true, 'Niesyt ', 'KNiesyt ', 'Krzysztof', '$2a$10$0hhVGiYQz396mQCZTAE9P.MoMdu2GfhzCNW/cDsxpuLVj16B8Aa3S', false, 1);
INSERT INTO catering.users (user_id, active, last_name, login, name, password, super_admin, department_id) VALUES (225, true, 'Nikiel Bartłomiej (', 'BNikiel Bartłomiej (', 'Bartłomiej', '$2a$10$0hhVGiYQz396mQCZTAE9P.MoMdu2GfhzCNW/cDsxpuLVj16B8Aa3S', false, 1);
INSERT INTO catering.users (user_id, active, last_name, login, name, password, super_admin, department_id) VALUES (226, true, 'Ochmanek ', 'BOchmanek ', 'Beata', '$2a$10$0hhVGiYQz396mQCZTAE9P.MoMdu2GfhzCNW/cDsxpuLVj16B8Aa3S', false, 1);
INSERT INTO catering.users (user_id, active, last_name, login, name, password, super_admin, department_id) VALUES (227, true, 'Ochmanek ', 'NOchmanek ', 'Nikoletta', '$2a$10$0hhVGiYQz396mQCZTAE9P.MoMdu2GfhzCNW/cDsxpuLVj16B8Aa3S', false, 1);
INSERT INTO catering.users (user_id, active, last_name, login, name, password, super_admin, department_id) VALUES (228, true, 'Ozimina ', 'DOzimina ', 'Daria', '$2a$10$0hhVGiYQz396mQCZTAE9P.MoMdu2GfhzCNW/cDsxpuLVj16B8Aa3S', false, 1);
INSERT INTO catering.users (user_id, active, last_name, login, name, password, super_admin, department_id) VALUES (229, true, 'Pawińska ', 'APawińska ', 'Anna', '$2a$10$0hhVGiYQz396mQCZTAE9P.MoMdu2GfhzCNW/cDsxpuLVj16B8Aa3S', false, 1);
INSERT INTO catering.users (user_id, active, last_name, login, name, password, super_admin, department_id) VALUES (230, true, 'Pawiński ', 'TPawiński ', 'Tomasz', '$2a$10$0hhVGiYQz396mQCZTAE9P.MoMdu2GfhzCNW/cDsxpuLVj16B8Aa3S', false, 1);
INSERT INTO catering.users (user_id, active, last_name, login, name, password, super_admin, department_id) VALUES (231, true, 'Pawlik ', 'JPawlik ', 'Joanna', '$2a$10$0hhVGiYQz396mQCZTAE9P.MoMdu2GfhzCNW/cDsxpuLVj16B8Aa3S', false, 1);
INSERT INTO catering.users (user_id, active, last_name, login, name, password, super_admin, department_id) VALUES (232, true, 'Pielużek ', 'JPielużek ', 'Jakub', '$2a$10$0hhVGiYQz396mQCZTAE9P.MoMdu2GfhzCNW/cDsxpuLVj16B8Aa3S', false, 1);
INSERT INTO catering.users (user_id, active, last_name, login, name, password, super_admin, department_id) VALUES (233, true, 'Pietrzykowski ', 'DPietrzykowski ', 'Dawid', '$2a$10$0hhVGiYQz396mQCZTAE9P.MoMdu2GfhzCNW/cDsxpuLVj16B8Aa3S', false, 1);
INSERT INTO catering.users (user_id, active, last_name, login, name, password, super_admin, department_id) VALUES (234, true, 'Pszczółka ', 'EPszczółka ', 'Ewa', '$2a$10$0hhVGiYQz396mQCZTAE9P.MoMdu2GfhzCNW/cDsxpuLVj16B8Aa3S', false, 1);
INSERT INTO catering.users (user_id, active, last_name, login, name, password, super_admin, department_id) VALUES (235, true, 'Puchalski ', 'BPuchalski ', 'Bartłomiej', '$2a$10$0hhVGiYQz396mQCZTAE9P.MoMdu2GfhzCNW/cDsxpuLVj16B8Aa3S', false, 1);
INSERT INTO catering.users (user_id, active, last_name, login, name, password, super_admin, department_id) VALUES (236, true, 'Pudełko ', 'SPudełko ', 'Sabina', '$2a$10$0hhVGiYQz396mQCZTAE9P.MoMdu2GfhzCNW/cDsxpuLVj16B8Aa3S', false, 1);
INSERT INTO catering.users (user_id, active, last_name, login, name, password, super_admin, department_id) VALUES (237, true, 'Pyclik Piotr (p', 'PPyclik Piotr (p', 'Piotr (por', '$2a$10$0hhVGiYQz396mQCZTAE9P.MoMdu2GfhzCNW/cDsxpuLVj16B8Aa3S', false, 1);
INSERT INTO catering.users (user_id, active, last_name, login, name, password, super_admin, department_id) VALUES (238, true, 'Rajczykiewicz ', 'MRajczykiewicz ', 'Maciej', '$2a$10$0hhVGiYQz396mQCZTAE9P.MoMdu2GfhzCNW/cDsxpuLVj16B8Aa3S', false, 1);
INSERT INTO catering.users (user_id, active, last_name, login, name, password, super_admin, department_id) VALUES (239, true, 'Rajda ', 'DRajda ', 'Damian', '$2a$10$0hhVGiYQz396mQCZTAE9P.MoMdu2GfhzCNW/cDsxpuLVj16B8Aa3S', false, 1);
INSERT INTO catering.users (user_id, active, last_name, login, name, password, super_admin, department_id) VALUES (240, true, 'Rajda ', 'KRajda ', 'Kacper', '$2a$10$0hhVGiYQz396mQCZTAE9P.MoMdu2GfhzCNW/cDsxpuLVj16B8Aa3S', false, 1);
INSERT INTO catering.users (user_id, active, last_name, login, name, password, super_admin, department_id) VALUES (241, true, 'Rolak-Froń ', 'SRolak-Froń ', 'Sabina', '$2a$10$0hhVGiYQz396mQCZTAE9P.MoMdu2GfhzCNW/cDsxpuLVj16B8Aa3S', false, 1);
INSERT INTO catering.users (user_id, active, last_name, login, name, password, super_admin, department_id) VALUES (242, true, 'Roseger ', 'KRoseger ', 'Kamil', '$2a$10$0hhVGiYQz396mQCZTAE9P.MoMdu2GfhzCNW/cDsxpuLVj16B8Aa3S', false, 1);
INSERT INTO catering.users (user_id, active, last_name, login, name, password, super_admin, department_id) VALUES (243, true, 'Roszak ', 'ARoszak ', 'Agnieszka', '$2a$10$0hhVGiYQz396mQCZTAE9P.MoMdu2GfhzCNW/cDsxpuLVj16B8Aa3S', false, 1);
INSERT INTO catering.users (user_id, active, last_name, login, name, password, super_admin, department_id) VALUES (244, true, 'Ryłko ', 'ARyłko ', 'Alina', '$2a$10$0hhVGiYQz396mQCZTAE9P.MoMdu2GfhzCNW/cDsxpuLVj16B8Aa3S', false, 1);
INSERT INTO catering.users (user_id, active, last_name, login, name, password, super_admin, department_id) VALUES (245, true, 'Ryłko ', 'KRyłko ', 'Klaudia', '$2a$10$0hhVGiYQz396mQCZTAE9P.MoMdu2GfhzCNW/cDsxpuLVj16B8Aa3S', false, 1);
INSERT INTO catering.users (user_id, active, last_name, login, name, password, super_admin, department_id) VALUES (246, true, 'Sadlik ', 'ASadlik ', 'Adrianna', '$2a$10$0hhVGiYQz396mQCZTAE9P.MoMdu2GfhzCNW/cDsxpuLVj16B8Aa3S', false, 1);
INSERT INTO catering.users (user_id, active, last_name, login, name, password, super_admin, department_id) VALUES (247, true, 'Sędziak ', 'ASędziak ', 'Agnieszka', '$2a$10$0hhVGiYQz396mQCZTAE9P.MoMdu2GfhzCNW/cDsxpuLVj16B8Aa3S', false, 1);
INSERT INTO catering.users (user_id, active, last_name, login, name, password, super_admin, department_id) VALUES (248, true, 'Sikora ', 'DSikora ', 'Dawid', '$2a$10$0hhVGiYQz396mQCZTAE9P.MoMdu2GfhzCNW/cDsxpuLVj16B8Aa3S', false, 1);
INSERT INTO catering.users (user_id, active, last_name, login, name, password, super_admin, department_id) VALUES (249, true, 'Siwek ', 'MSiwek ', 'Marcin', '$2a$10$0hhVGiYQz396mQCZTAE9P.MoMdu2GfhzCNW/cDsxpuLVj16B8Aa3S', false, 1);
INSERT INTO catering.users (user_id, active, last_name, login, name, password, super_admin, department_id) VALUES (250, true, 'Skoczylas ', 'JSkoczylas ', 'Jola', '$2a$10$0hhVGiYQz396mQCZTAE9P.MoMdu2GfhzCNW/cDsxpuLVj16B8Aa3S', false, 1);
INSERT INTO catering.users (user_id, active, last_name, login, name, password, super_admin, department_id) VALUES (251, true, 'Skrudlik-Zątek ', 'DSkrudlik-Zątek ', 'Dorota', '$2a$10$0hhVGiYQz396mQCZTAE9P.MoMdu2GfhzCNW/cDsxpuLVj16B8Aa3S', false, 1);
INSERT INTO catering.users (user_id, active, last_name, login, name, password, super_admin, department_id) VALUES (252, true, 'Soj ', 'GSoj ', 'Gabriela', '$2a$10$0hhVGiYQz396mQCZTAE9P.MoMdu2GfhzCNW/cDsxpuLVj16B8Aa3S', false, 1);
INSERT INTO catering.users (user_id, active, last_name, login, name, password, super_admin, department_id) VALUES (253, true, 'Sordyl Grzegorz (p', 'GSordyl Grzegorz (p', 'Grzegorz (', '$2a$10$0hhVGiYQz396mQCZTAE9P.MoMdu2GfhzCNW/cDsxpuLVj16B8Aa3S', false, 1);
INSERT INTO catering.users (user_id, active, last_name, login, name, password, super_admin, department_id) VALUES (254, true, 'Sporysz ', 'MSporysz ', 'Michał', '$2a$10$0hhVGiYQz396mQCZTAE9P.MoMdu2GfhzCNW/cDsxpuLVj16B8Aa3S', false, 1);
INSERT INTO catering.users (user_id, active, last_name, login, name, password, super_admin, department_id) VALUES (255, true, 'Stabryła ', 'MStabryła ', 'Monika', '$2a$10$0hhVGiYQz396mQCZTAE9P.MoMdu2GfhzCNW/cDsxpuLVj16B8Aa3S', false, 1);
INSERT INTO catering.users (user_id, active, last_name, login, name, password, super_admin, department_id) VALUES (256, true, 'Stalec ', 'BStalec ', 'Beata', '$2a$10$0hhVGiYQz396mQCZTAE9P.MoMdu2GfhzCNW/cDsxpuLVj16B8Aa3S', false, 1);
INSERT INTO catering.users (user_id, active, last_name, login, name, password, super_admin, department_id) VALUES (257, true, 'Stalec ', 'DStalec ', 'Dariusz', '$2a$10$0hhVGiYQz396mQCZTAE9P.MoMdu2GfhzCNW/cDsxpuLVj16B8Aa3S', false, 1);
INSERT INTO catering.users (user_id, active, last_name, login, name, password, super_admin, department_id) VALUES (258, true, 'Stalec ', 'JStalec ', 'Jadwiga', '$2a$10$0hhVGiYQz396mQCZTAE9P.MoMdu2GfhzCNW/cDsxpuLVj16B8Aa3S', false, 1);
INSERT INTO catering.users (user_id, active, last_name, login, name, password, super_admin, department_id) VALUES (259, true, 'Stalec (Żyd', '(Stalec (Żyd', '(Żydek) Mo', '$2a$10$0hhVGiYQz396mQCZTAE9P.MoMdu2GfhzCNW/cDsxpuLVj16B8Aa3S', false, 1);
INSERT INTO catering.users (user_id, active, last_name, login, name, password, super_admin, department_id) VALUES (260, true, 'Stalec ', 'PaStalec', 'Paweł', '$2a$10$0hhVGiYQz396mQCZTAE9P.MoMdu2GfhzCNW/cDsxpuLVj16B8Aa3S', false, 1);
INSERT INTO catering.users (user_id, active, last_name, login, name, password, super_admin, department_id) VALUES (261, true, 'Stalec ', 'PiStalec ', 'Piotr', '$2a$10$0hhVGiYQz396mQCZTAE9P.MoMdu2GfhzCNW/cDsxpuLVj16B8Aa3S', false, 1);
INSERT INTO catering.users (user_id, active, last_name, login, name, password, super_admin, department_id) VALUES (262, true, 'Stalec ', 'ZStalec ', 'Zdzisław', '$2a$10$0hhVGiYQz396mQCZTAE9P.MoMdu2GfhzCNW/cDsxpuLVj16B8Aa3S', false, 1);
INSERT INTO catering.users (user_id, active, last_name, login, name, password, super_admin, department_id) VALUES (263, true, 'Stawowczyk ', 'PStawowczyk ', 'Paulina', '$2a$10$0hhVGiYQz396mQCZTAE9P.MoMdu2GfhzCNW/cDsxpuLVj16B8Aa3S', false, 1);
INSERT INTO catering.users (user_id, active, last_name, login, name, password, super_admin, department_id) VALUES (264, true, 'Stwora ', 'KStwora ', 'Krzysztof', '$2a$10$0hhVGiYQz396mQCZTAE9P.MoMdu2GfhzCNW/cDsxpuLVj16B8Aa3S', false, 1);
INSERT INTO catering.users (user_id, active, last_name, login, name, password, super_admin, department_id) VALUES (265, true, 'Syga ', 'KSyga ', 'Kacper', '$2a$10$0hhVGiYQz396mQCZTAE9P.MoMdu2GfhzCNW/cDsxpuLVj16B8Aa3S', false, 1);
INSERT INTO catering.users (user_id, active, last_name, login, name, password, super_admin, department_id) VALUES (266, true, 'Sysak ', 'BSysak ', 'Bartosz', '$2a$10$0hhVGiYQz396mQCZTAE9P.MoMdu2GfhzCNW/cDsxpuLVj16B8Aa3S', false, 1);
INSERT INTO catering.users (user_id, active, last_name, login, name, password, super_admin, department_id) VALUES (267, true, 'Szlagor ', 'MSzlagor ', 'Miłosz', '$2a$10$0hhVGiYQz396mQCZTAE9P.MoMdu2GfhzCNW/cDsxpuLVj16B8Aa3S', false, 1);
INSERT INTO catering.users (user_id, active, last_name, login, name, password, super_admin, department_id) VALUES (268, true, 'Szłapa Mateusz (p', 'MSzłapa Mateusz (p', 'Mateusz (p', '$2a$10$0hhVGiYQz396mQCZTAE9P.MoMdu2GfhzCNW/cDsxpuLVj16B8Aa3S', false, 1);
INSERT INTO catering.users (user_id, active, last_name, login, name, password, super_admin, department_id) VALUES (269, true, 'Sztafa ', 'DSztafa ', 'Dawid', '$2a$10$0hhVGiYQz396mQCZTAE9P.MoMdu2GfhzCNW/cDsxpuLVj16B8Aa3S', false, 1);
INSERT INTO catering.users (user_id, active, last_name, login, name, password, super_admin, department_id) VALUES (270, true, 'Szymla ', 'KSzymla ', 'Kinga', '$2a$10$0hhVGiYQz396mQCZTAE9P.MoMdu2GfhzCNW/cDsxpuLVj16B8Aa3S', false, 1);
INSERT INTO catering.users (user_id, active, last_name, login, name, password, super_admin, department_id) VALUES (271, true, 'Szymla ', 'MSzymla ', 'Mateusz', '$2a$10$0hhVGiYQz396mQCZTAE9P.MoMdu2GfhzCNW/cDsxpuLVj16B8Aa3S', false, 1);
INSERT INTO catering.users (user_id, active, last_name, login, name, password, super_admin, department_id) VALUES (272, true, 'Szyszka ', 'TSzyszka ', 'Teresa', '$2a$10$0hhVGiYQz396mQCZTAE9P.MoMdu2GfhzCNW/cDsxpuLVj16B8Aa3S', false, 1);
INSERT INTO catering.users (user_id, active, last_name, login, name, password, super_admin, department_id) VALUES (273, true, 'Talar ', 'ATalar ', 'Artur', '$2a$10$0hhVGiYQz396mQCZTAE9P.MoMdu2GfhzCNW/cDsxpuLVj16B8Aa3S', false, 1);
INSERT INTO catering.users (user_id, active, last_name, login, name, password, super_admin, department_id) VALUES (274, true, 'Tora ', 'ATora ', 'Angelika', '$2a$10$0hhVGiYQz396mQCZTAE9P.MoMdu2GfhzCNW/cDsxpuLVj16B8Aa3S', false, 1);
INSERT INTO catering.users (user_id, active, last_name, login, name, password, super_admin, department_id) VALUES (275, true, 'Trojak ', 'JTrojak ', 'Jan', '$2a$10$0hhVGiYQz396mQCZTAE9P.MoMdu2GfhzCNW/cDsxpuLVj16B8Aa3S', false, 1);
INSERT INTO catering.users (user_id, active, last_name, login, name, password, super_admin, department_id) VALUES (276, true, 'Tworowski ', 'BTworowski ', 'Bartosz', '$2a$10$0hhVGiYQz396mQCZTAE9P.MoMdu2GfhzCNW/cDsxpuLVj16B8Aa3S', false, 1);
INSERT INTO catering.users (user_id, active, last_name, login, name, password, super_admin, department_id) VALUES (277, true, 'Walusiak ', 'EWalusiak ', 'Ewa', '$2a$10$0hhVGiYQz396mQCZTAE9P.MoMdu2GfhzCNW/cDsxpuLVj16B8Aa3S', false, 1);
INSERT INTO catering.users (user_id, active, last_name, login, name, password, super_admin, department_id) VALUES (278, true, 'Wawak ', 'SWawak ', 'Szymon', '$2a$10$0hhVGiYQz396mQCZTAE9P.MoMdu2GfhzCNW/cDsxpuLVj16B8Aa3S', false, 1);
INSERT INTO catering.users (user_id, active, last_name, login, name, password, super_admin, department_id) VALUES (279, true, 'Wawrzyczek ', 'MWawrzyczek ', 'Marzena', '$2a$10$0hhVGiYQz396mQCZTAE9P.MoMdu2GfhzCNW/cDsxpuLVj16B8Aa3S', false, 1);
INSERT INTO catering.users (user_id, active, last_name, login, name, password, super_admin, department_id) VALUES (280, true, 'Wicherek ', 'AWicherek ', 'Anna', '$2a$10$0hhVGiYQz396mQCZTAE9P.MoMdu2GfhzCNW/cDsxpuLVj16B8Aa3S', false, 1);
INSERT INTO catering.users (user_id, active, last_name, login, name, password, super_admin, department_id) VALUES (281, true, 'Wieroński ', 'EWieroński ', 'Edward', '$2a$10$0hhVGiYQz396mQCZTAE9P.MoMdu2GfhzCNW/cDsxpuLVj16B8Aa3S', false, 1);
INSERT INTO catering.users (user_id, active, last_name, login, name, password, super_admin, department_id) VALUES (282, true, 'Winiarski ', 'RWiniarski ', 'Rafał', '$2a$10$0hhVGiYQz396mQCZTAE9P.MoMdu2GfhzCNW/cDsxpuLVj16B8Aa3S', false, 1);
INSERT INTO catering.users (user_id, active, last_name, login, name, password, super_admin, department_id) VALUES (283, true, 'Wiśniowska ', 'RWiśniowska ', 'Renata', '$2a$10$0hhVGiYQz396mQCZTAE9P.MoMdu2GfhzCNW/cDsxpuLVj16B8Aa3S', false, 1);
INSERT INTO catering.users (user_id, active, last_name, login, name, password, super_admin, department_id) VALUES (284, true, 'Wiśniowski ', 'DWiśniowski ', 'Dariusz', '$2a$10$0hhVGiYQz396mQCZTAE9P.MoMdu2GfhzCNW/cDsxpuLVj16B8Aa3S', false, 1);
INSERT INTO catering.users (user_id, active, last_name, login, name, password, super_admin, department_id) VALUES (285, true, 'Witkowska ', 'KWitkowska ', 'Katarzyna', '$2a$10$0hhVGiYQz396mQCZTAE9P.MoMdu2GfhzCNW/cDsxpuLVj16B8Aa3S', false, 1);
INSERT INTO catering.users (user_id, active, last_name, login, name, password, super_admin, department_id) VALUES (286, true, 'Wnęk ', 'WWnęk ', 'Wojciech', '$2a$10$0hhVGiYQz396mQCZTAE9P.MoMdu2GfhzCNW/cDsxpuLVj16B8Aa3S', false, 1);
INSERT INTO catering.users (user_id, active, last_name, login, name, password, super_admin, department_id) VALUES (287, true, 'Wójcik ', 'AWójcik ', 'Adrian', '$2a$10$0hhVGiYQz396mQCZTAE9P.MoMdu2GfhzCNW/cDsxpuLVj16B8Aa3S', false, 1);
INSERT INTO catering.users (user_id, active, last_name, login, name, password, super_admin, department_id) VALUES (288, true, 'Wójtowicz ', 'KWójtowicz ', 'Krzysztof', '$2a$10$0hhVGiYQz396mQCZTAE9P.MoMdu2GfhzCNW/cDsxpuLVj16B8Aa3S', false, 1);
INSERT INTO catering.users (user_id, active, last_name, login, name, password, super_admin, department_id) VALUES (289, true, 'Wykręt ', 'AWykręt ', 'Anna', '$2a$10$0hhVGiYQz396mQCZTAE9P.MoMdu2GfhzCNW/cDsxpuLVj16B8Aa3S', false, 1);
INSERT INTO catering.users (user_id, active, last_name, login, name, password, super_admin, department_id) VALUES (290, true, 'Wysogląd ', 'DWysogląd ', 'Dorota', '$2a$10$0hhVGiYQz396mQCZTAE9P.MoMdu2GfhzCNW/cDsxpuLVj16B8Aa3S', false, 1);
INSERT INTO catering.users (user_id, active, last_name, login, name, password, super_admin, department_id) VALUES (291, true, 'Zajączek ', 'MZajączek ', 'Mateusz', '$2a$10$0hhVGiYQz396mQCZTAE9P.MoMdu2GfhzCNW/cDsxpuLVj16B8Aa3S', false, 1);
INSERT INTO catering.users (user_id, active, last_name, login, name, password, super_admin, department_id) VALUES (292, true, 'Zakrzewski ', 'JZakrzewski ', 'Jarosław', '$2a$10$0hhVGiYQz396mQCZTAE9P.MoMdu2GfhzCNW/cDsxpuLVj16B8Aa3S', false, 1);
INSERT INTO catering.users (user_id, active, last_name, login, name, password, super_admin, department_id) VALUES (293, true, 'Zarzecka ', 'AZarzecka ', 'Anna', '$2a$10$0hhVGiYQz396mQCZTAE9P.MoMdu2GfhzCNW/cDsxpuLVj16B8Aa3S', false, 1);
INSERT INTO catering.users (user_id, active, last_name, login, name, password, super_admin, department_id) VALUES (294, true, 'Żydek ', 'KŻydek ', 'Kacper', '$2a$10$0hhVGiYQz396mQCZTAE9P.MoMdu2GfhzCNW/cDsxpuLVj16B8Aa3S', false, 1);
INSERT INTO catering.users (user_id, active, last_name, login, name, password, super_admin, department_id) VALUES (1000, true, 'admin', 'admin', 'admin', '$2a$10$0hhVGiYQz396mQCZTAE9P.MoMdu2GfhzCNW/cDsxpuLVj16B8Aa3S', true, 3);




# INSERT INTO catering.users (user_id, active, last_name, login, name, password, super_admin, department_id) VALUES (2, true, 'biuro1', 'biuro1', 'biuro1', '$2a$10$Q546FSdLOsu2GL9zdtI02OwH18zmpMVIjN8oykkEIaTmrDO0A4.hG', false, 1);
# INSERT INTO catering.users (user_id, active, last_name, login, name, password, super_admin, department_id) VALUES (3, true, 'biuro2', 'biuro2', 'biuro2', '$2a$10$8lwNZHSknBj4xnhcw9wV6OBgtu9nz3LT1OyOZgN2q8yC3IBegKOu6', false, 1);
# INSERT INTO catering.users (user_id, active, last_name, login, name, password, super_admin, department_id) VALUES (4, true, 'biuro3', 'biuro3', 'biuro3', '$2a$10$.pEajgPu2fRRLSGIBSbFa.YFij4ivjjTEQAk1ZVP1ImflP4fXdsGS', false, 1);
# INSERT INTO catering.users (user_id, active, last_name, login, name, password, super_admin, department_id) VALUES (5, true, 'produkcja1', 'produkcja1', 'produkcja1', '$2a$10$Mh5b.MYIZ0XfQHkqomgCsuPkj7gQQdPiyOSa9I1L4.1RM7G.6DdFO', false, 2);
# INSERT INTO catering.users (user_id, active, last_name, login, name, password, super_admin, department_id) VALUES (6, true, 'produkcja2', 'produkcja2', 'produkcja2', '$2a$10$LB6/1TOQnNBkXwfLFkputeP.rR6dOZVWs.KjAQ9sE/L9ageqvjNBu', false, 2);
# INSERT INTO catering.users (user_id, active, last_name, login, name, password, super_admin, department_id) VALUES (7, true, 'produkcja3', 'produkcja3', 'produkcja3', '$2a$10$hdZF7PVnM04rD2opFxMQw.Ctei8UM123KUlKtF2cFhyfcP7TvDQhO', false, 2);
# INSERT INTO catering.users (user_id, active, last_name, login, name, password, super_admin, department_id) VALUES (8, true, 'lakiernia1', 'lakiernia1', 'lakiernia1', '$2a$10$R5bZWu/JRlMabhZmH4iNU.gu6FdBCKkp31y1JSrXihyUZo8OM6cfK', false, 3);
# INSERT INTO catering.users (user_id, active, last_name, login, name, password, super_admin, department_id) VALUES (9, true, 'lakiernia2', 'lakiernia2', 'lakiernia2', '$2a$10$0xAfsYbqws.r/e13Ubw1F.MkvF8mPOdgL2ABiWOFfFvDBx6J5TTCy', false, 3);
# INSERT INTO catering.users (user_id, active, last_name, login, name, password, super_admin, department_id) VALUES (10, true, 'lakiernia3', 'lakiernia3', 'lakiernia3', '$2a$10$ppuSKOTM/YtBbYkORoeKru2yC6pgF5YJ/oF8ahsAvGkgU.0BHWO.C', false, 3);
# INSERT INTO catering.users (user_id, active, last_name, login, name, password, super_admin, department_id) VALUES (12, true, 'Ryrych', 'DRyrych', 'Damian', '$2a$10$JsNlrE0foTL68hYbthxg..Ywo2NlIQ8h8gHG/S9LIxNFD5x5nzmfa', false, 1);

INSERT INTO catering.new_menu (meal_no, day_id, kw, meal_name, meal_price) VALUES (1, 1, 51, 'Brak', 0.00);
INSERT INTO catering.new_menu (meal_no, day_id, kw, meal_name, meal_price) VALUES (2, 2, 51, 'Brak', 0.00);
INSERT INTO catering.new_menu (meal_no, day_id, kw, meal_name, meal_price) VALUES (3, 3, 51, 'Brak', 0.00);
INSERT INTO catering.new_menu (meal_no, day_id, kw, meal_name, meal_price) VALUES (4, 4, 51, 'Brak', 0.00);
INSERT INTO catering.new_menu (meal_no, day_id, kw, meal_name, meal_price) VALUES (5, 5, 51, 'Brak', 0.00);
INSERT INTO catering.new_menu (meal_no, day_id, kw, meal_name, meal_price) VALUES (6, 1, 51, 'Bułka dekoracyjna z wędliną, serem gouda,pomidor, ogórek zielony, jajko, sos kanapkowy.', 7.00);
INSERT INTO catering.new_menu (meal_no, day_id, kw, meal_name, meal_price) VALUES (7, 1, 51, 'Kwaśnica z wędzonym żeberkiem/pieczywo', 15.00);
INSERT INTO catering.new_menu (meal_no, day_id, kw, meal_name, meal_price) VALUES (8, 1, 51, 'Koperta naleśnikowa z mięsnym farszem meksykańskim', 15.00);
INSERT INTO catering.new_menu (meal_no, day_id, kw, meal_name, meal_price) VALUES (9, 1, 51, 'Mielony sznycel z pieczarkami i cebulką + ziemniaki + buraczki czerwone', 20.00);
INSERT INTO catering.new_menu (meal_no, day_id, kw, meal_name, meal_price) VALUES (10, 1, 51, 'Spaghetti bolonese (duża porcja)', 20.00);


#
# INSERT INTO catering.new_orders (id, is_paid, kw, meal_fri, meal_fri_name, meal_mon, meal_mon_name, meal_thu, meal_thu_name, meal_tue, meal_tue_name, meal_wed, meal_wed_name, price_fri, price_mon, price_thu, price_tue, price_wed, qty_fri, qty_mon, qty_thu, qty_tue, qty_wed, shift_fri, shift_mon, shift_thu, shift_tue, shift_wed, to_pay, user_id) VALUES (1, false, 50, 34, 'Sałatka grecka z warzywami i jajkiem / pieczywo', 5, '"Danie voka" kurczak +  ryż + warzywa z  patelni', 25, 'Bułka z pastą z kurczaka  i dodatkami x2', 13, 'Szaszłyk drobiowy z warzywami , mix sałat , sos + ryż brązowy + zestaw surówek', 19, 'PILAV - ryż z warzywami i mięsem wieprzowym zapiekany w foremce', 7.20, 7.05, 7.20, 9.10, 7.15, 1, 1, 1, 1, 1, 1, 1, 1, 1, 1, 37.70, 1);
# INSERT INTO catering.new_orders (id, is_paid, kw, meal_fri, meal_fri_name, meal_mon, meal_mon_name, meal_thu, meal_thu_name, meal_tue, meal_tue_name, meal_wed, meal_wed_name, price_fri, price_mon, price_thu, price_tue, price_wed, qty_fri, qty_mon, qty_thu, qty_tue, qty_wed, shift_fri, shift_mon, shift_thu, shift_tue, shift_wed, to_pay, user_id) VALUES (2, true,  50, 35, 'Żurek z jakiem i kiełbasą / pieczywo', 4, 'Kartacze z mięsem ze skwarkami i cebulką', 26, 'Czeburaki ukraińskie z mięsem mielonym smażone', 13, 'Szaszłyk drobiowy z warzywami , mix sałat , sos + ryż brązowy + zestaw surówek', 18, 'Zestaw śniadaniowy z sałatką jajeczną , wędliną, serem, warzywami /pieczywo', 7.20, 7.05, 7.20, 9.10, 7.15, 1, 1, 1, 1, 1, 1, 1, 1, 2, 2, 37.70, 2);
# INSERT INTO catering.new_orders (id, is_paid, kw, meal_fri, meal_fri_name, meal_mon, meal_mon_name, meal_thu, meal_thu_name, meal_tue, meal_tue_name, meal_wed, meal_wed_name, price_fri, price_mon, price_thu, price_tue, price_wed, qty_fri, qty_mon, qty_thu, qty_tue, qty_wed, shift_fri, shift_mon, shift_thu, shift_tue, shift_wed, to_pay, user_id) VALUES (3, false, 50, 35, 'Żurek z jakiem i kiełbasą / pieczywo', 5, '"Danie voka" kurczak +  ryż + warzywa z  patelni', 25, 'Bułka z pastą z kurczaka  i dodatkami x2', 12, 'Lazania z mięsem zapiekana w foremce', 19, 'PILAV - ryż z warzywami i mięsem wieprzowym zapiekany w foremce', 7.20, 7.05, 7.20, 7.10, 7.15, 1, 1, 1, 1, 1, 1, 1, 1, 1, 1, 35.70, 3);
# INSERT INTO catering.new_orders (id, is_paid, kw, meal_fri, meal_fri_name, meal_mon, meal_mon_name, meal_thu, meal_thu_name, meal_tue, meal_tue_name, meal_wed, meal_wed_name, price_fri, price_mon, price_thu, price_tue, price_wed, qty_fri, qty_mon, qty_thu, qty_tue, qty_wed, shift_fri, shift_mon, shift_thu, shift_tue, shift_wed, to_pay, user_id) VALUES (4, false, 50, 32, 'Bułka z pasta jajeczną i warzywami', 2, 'Bułka z szynką, serem i warzywami', 26, 'Czeburaki ukraińskie z mięsem mielonym smażone', 13, 'Szaszłyk drobiowy z warzywami , mix sałat , sos + ryż brązowy + zestaw surówek', 21, 'Nagetsy z kurczaka + ziemnaki opiekane + mix sałat', 3.70, 3.55, 7.20, 9.10, 9.15, 1, 1, 1, 1, 1, 1, 1, 1, 1, 1, 32.70, 4);
# INSERT INTO catering.new_orders (id, is_paid, kw, meal_fri, meal_fri_name, meal_mon, meal_mon_name, meal_thu, meal_thu_name, meal_tue, meal_tue_name, meal_wed, meal_wed_name, price_fri, price_mon, price_thu, price_tue, price_wed, qty_fri, qty_mon, qty_thu, qty_tue, qty_wed, shift_fri, shift_mon, shift_thu, shift_tue, shift_wed, to_pay, user_id) VALUES (5, true,  50, 35, 'Żurek z jakiem i kiełbasą / pieczywo', 6, 'Sznycel w sosie pieczarkowym + ziemniaki + surówka z białej kapusty i warzyw', 27, 'Łazanki z mięsem i warzywami', 13, 'Szaszłyk drobiowy z warzywami , mix sałat , sos + ryż brązowy + zestaw surówek', 20, 'Roladka drobiowa w sosie śmietanowo-koperkowym + ryż dziki + sałatka z czerwonych buraczków', 12.96, 16.29, 12.96, 16.38, 16.47, 1, 1, 1, 1, 1, 1, 1, 1, 1, 1, 75.06, 5);
# INSERT INTO catering.new_orders (id, is_paid, kw, meal_fri, meal_fri_name, meal_mon, meal_mon_name, meal_thu, meal_thu_name, meal_tue, meal_tue_name, meal_wed, meal_wed_name, price_fri, price_mon, price_thu, price_tue, price_wed, qty_fri, qty_mon, qty_thu, qty_tue, qty_wed, shift_fri, shift_mon, shift_thu, shift_tue, shift_wed, to_pay, user_id) VALUES (6, false, 50, 34, 'Sałatka grecka z warzywami i jajkiem / pieczywo', 6, 'Sznycel w sosie pieczarkowym + ziemniaki + surówka z białej kapusty i warzyw', 27, 'Łazanki z mięsem i warzywami', 12, 'Lazania z mięsem zapiekana w foremce', 19, 'PILAV - ryż z warzywami i mięsem wieprzowym zapiekany w foremce', 12.96, 16.29, 12.96, 12.78, 12.87, 1, 1, 1, 1, 1, 2, 2, 2, 2, 2, 67.86, 6);
# INSERT INTO catering.new_orders (id, is_paid, kw, meal_fri, meal_fri_name, meal_mon, meal_mon_name, meal_thu, meal_thu_name, meal_tue, meal_tue_name, meal_wed, meal_wed_name, price_fri, price_mon, price_thu, price_tue, price_wed, qty_fri, qty_mon, qty_thu, qty_tue, qty_wed, shift_fri, shift_mon, shift_thu, shift_tue, shift_wed, to_pay, user_id) VALUES (7, false, 50, 33, 'Bułka z pasta jajeczną i warzywami x2', 8, 'Pierś drobiowa faszerowana szpinakiem pieczona w cieście francuskim + surówka grecka kolorowa – sos vinegret', 25, 'Bułka z pastą z kurczaka  i dodatkami x2', 12, 'Lazania z mięsem zapiekana w foremce', 18, 'Zestaw śniadaniowy z sałatką jajeczną , wędliną, serem, warzywami /pieczywo', 12.96, 16.29, 12.96, 12.78, 12.87, 1, 1, 1, 1, 1, 1, 1, 1, 1, 1, 67.86, 7);
# INSERT INTO catering.new_orders (id, is_paid, kw, meal_fri, meal_fri_name, meal_mon, meal_mon_name, meal_thu, meal_thu_name, meal_tue, meal_tue_name, meal_wed, meal_wed_name, price_fri, price_mon, price_thu, price_tue, price_wed, qty_fri, qty_mon, qty_thu, qty_tue, qty_wed, shift_fri, shift_mon, shift_thu, shift_tue, shift_wed, to_pay, user_id) VALUES (8, true,  50, 35, 'Żurek z jakiem i kiełbasą / pieczywo', 4, 'Kartacze z mięsem ze skwarkami i cebulką', 27, 'Łazanki z mięsem i warzywami', 12, 'Lazania z mięsem zapiekana w foremce', 16, 'Brak', 1.44, 1.41, 1.44, 1.42, 0.00, 1, 1, 1, 1, 1, 2, 1, 1, 1, 2, 5.71, 8);
# INSERT INTO catering.new_orders (id, is_paid, kw, meal_fri, meal_fri_name, meal_mon, meal_mon_name, meal_thu, meal_thu_name, meal_tue, meal_tue_name, meal_wed, meal_wed_name, price_fri, price_mon, price_thu, price_tue, price_wed, qty_fri, qty_mon, qty_thu, qty_tue, qty_wed, shift_fri, shift_mon, shift_thu, shift_tue, shift_wed, to_pay, user_id) VALUES (9, false, 50, 34, 'Sałatka grecka z warzywami i jajkiem / pieczywo', 5, '"Danie voka" kurczak +  ryż + warzywa z  patelni', 26, 'Czeburaki ukraińskie z mięsem mielonym smażone', 9, 'Brak', 16, 'Brak', 1.44, 1.41, 1.44, 0.00, 0.00, 1, 1, 1, 1, 1, 1, 1, 1, 1, 1, 4.29, 9);
# INSERT INTO catering.new_orders (id, is_paid, kw, meal_fri, meal_fri_name, meal_mon, meal_mon_name, meal_thu, meal_thu_name, meal_tue, meal_tue_name, meal_wed, meal_wed_name, price_fri, price_mon, price_thu, price_tue, price_wed, qty_fri, qty_mon, qty_thu, qty_tue, qty_wed, shift_fri, shift_mon, shift_thu, shift_tue, shift_wed, to_pay, user_id) VALUES (10, false,50, 31, 'Brak', 3, 'Bułka z szynką, serem i warzywami x2', 24, 'Bułka z pastą z kurczaka  i dodatkami', 15, 'Wegetariański kociołek warzywny + kluski gnioczki  + zestaw surówek', 18, 'Zestaw śniadaniowy z sałatką jajeczną , wędliną, serem, warzywami /pieczywo', 0.00, 1.41, 0.74, 1.82, 1.43, 1, 1, 1, 1, 1, 2, 1, 1, 1, 1, 5.40, 10);
# INSERT INTO catering.new_orders (id, is_paid, kw, meal_fri, meal_fri_name, meal_mon, meal_mon_name, meal_thu, meal_thu_name, meal_tue, meal_tue_name, meal_wed, meal_wed_name, price_fri, price_mon, price_thu, price_tue, price_wed, qty_fri, qty_mon, qty_thu, qty_tue, qty_wed, shift_fri, shift_mon, shift_thu, shift_tue, shift_wed, to_pay, user_id) VALUES (11, true, 50, 31, 'Brak', 7, 'Shoarma drobiowa + frytki + kapusta pekińska z sosiem', 23, 'Brak', 9, 'Brak', 16, 'Brak', 0.00, 7.24, 0.00, 0.00, 0.00, 1, 1, 1, 1, 1, 1, 1, 1, 1, 1, 7.24, 11);
#
#
# INSERT INTO catering.actual_orders (id, is_paid, kw, meal_fri, meal_fri_name, meal_mon, meal_mon_name, meal_thu, meal_thu_name, meal_tue, meal_tue_name, meal_wed, meal_wed_name, price_fri, price_mon, price_thu, price_tue, price_wed, qty_fri, qty_mon, qty_thu, qty_tue, qty_wed, shift_fri, shift_mon, shift_thu, shift_tue, shift_wed, to_pay, user_id) VALUES (1, true,  49, 34, 'Sałatka grecka z warzywami i jajkiem / pieczywo', 5, '"Danie voka" kurczak +  ryż + warzywa z  patelni', 25, 'Bułka z pastą z kurczaka  i dodatkami x2', 13, 'Szaszłyk drobiowy z warzywami , mix sałat , sos + ryż brązowy + zestaw surówek', 19, 'PILAV - ryż z warzywami i mięsem wieprzowym zapiekany w foremce', 7.20, 7.05, 7.20, 9.10, 7.15, 1, 1, 1, 1, 1, 1, 1, 1, 1, 1, 37.70, 1);
# INSERT INTO catering.actual_orders (id, is_paid, kw, meal_fri, meal_fri_name, meal_mon, meal_mon_name, meal_thu, meal_thu_name, meal_tue, meal_tue_name, meal_wed, meal_wed_name, price_fri, price_mon, price_thu, price_tue, price_wed, qty_fri, qty_mon, qty_thu, qty_tue, qty_wed, shift_fri, shift_mon, shift_thu, shift_tue, shift_wed, to_pay, user_id) VALUES (2, true,  49, 35, 'Żurek z jakiem i kiełbasą / pieczywo', 4, 'Kartacze z mięsem ze skwarkami i cebulką', 26, 'Czeburaki ukraińskie z mięsem mielonym smażone', 13, 'Szaszłyk drobiowy z warzywami , mix sałat , sos + ryż brązowy + zestaw surówek', 18, 'Zestaw śniadaniowy z sałatką jajeczną , wędliną, serem, warzywami /pieczywo', 7.20, 7.05, 7.20, 9.10, 7.15, 1, 1, 1, 1, 1, 1, 1, 1, 2, 2, 37.70, 2);
# INSERT INTO catering.actual_orders (id, is_paid, kw, meal_fri, meal_fri_name, meal_mon, meal_mon_name, meal_thu, meal_thu_name, meal_tue, meal_tue_name, meal_wed, meal_wed_name, price_fri, price_mon, price_thu, price_tue, price_wed, qty_fri, qty_mon, qty_thu, qty_tue, qty_wed, shift_fri, shift_mon, shift_thu, shift_tue, shift_wed, to_pay, user_id) VALUES (3, true,  49, 35, 'Żurek z jakiem i kiełbasą / pieczywo', 5, '"Danie voka" kurczak +  ryż + warzywa z  patelni', 25, 'Bułka z pastą z kurczaka  i dodatkami x2', 12, 'Lazania z mięsem zapiekana w foremce', 19, 'PILAV - ryż z warzywami i mięsem wieprzowym zapiekany w foremce', 7.20, 7.05, 7.20, 7.10, 7.15, 1, 1, 1, 1, 1, 1, 1, 1, 1, 1, 35.70, 3);
# INSERT INTO catering.actual_orders (id, is_paid, kw, meal_fri, meal_fri_name, meal_mon, meal_mon_name, meal_thu, meal_thu_name, meal_tue, meal_tue_name, meal_wed, meal_wed_name, price_fri, price_mon, price_thu, price_tue, price_wed, qty_fri, qty_mon, qty_thu, qty_tue, qty_wed, shift_fri, shift_mon, shift_thu, shift_tue, shift_wed, to_pay, user_id) VALUES (4, true,  49, 32, 'Bułka z pasta jajeczną i warzywami', 2, 'Bułka z szynką, serem i warzywami', 26, 'Czeburaki ukraińskie z mięsem mielonym smażone', 13, 'Szaszłyk drobiowy z warzywami , mix sałat , sos + ryż brązowy + zestaw surówek', 21, 'Nagetsy z kurczaka + ziemnaki opiekane + mix sałat', 3.70, 3.55, 7.20, 9.10, 9.15, 1, 1, 1, 1, 1, 1, 1, 1, 1, 1, 32.70, 4);
# INSERT INTO catering.actual_orders (id, is_paid, kw, meal_fri, meal_fri_name, meal_mon, meal_mon_name, meal_thu, meal_thu_name, meal_tue, meal_tue_name, meal_wed, meal_wed_name, price_fri, price_mon, price_thu, price_tue, price_wed, qty_fri, qty_mon, qty_thu, qty_tue, qty_wed, shift_fri, shift_mon, shift_thu, shift_tue, shift_wed, to_pay, user_id) VALUES (5, true,  49, 35, 'Żurek z jakiem i kiełbasą / pieczywo', 6, 'Sznycel w sosie pieczarkowym + ziemniaki + surówka z białej kapusty i warzyw', 27, 'Łazanki z mięsem i warzywami', 13, 'Szaszłyk drobiowy z warzywami , mix sałat , sos + ryż brązowy + zestaw surówek', 20, 'Roladka drobiowa w sosie śmietanowo-koperkowym + ryż dziki + sałatka z czerwonych buraczków', 12.96, 16.29, 12.96, 16.38, 16.47, 1, 1, 1, 1, 1, 1, 1, 1, 1, 1, 75.06, 5);
# INSERT INTO catering.actual_orders (id, is_paid, kw, meal_fri, meal_fri_name, meal_mon, meal_mon_name, meal_thu, meal_thu_name, meal_tue, meal_tue_name, meal_wed, meal_wed_name, price_fri, price_mon, price_thu, price_tue, price_wed, qty_fri, qty_mon, qty_thu, qty_tue, qty_wed, shift_fri, shift_mon, shift_thu, shift_tue, shift_wed, to_pay, user_id) VALUES (6, true,  49, 34, 'Sałatka grecka z warzywami i jajkiem / pieczywo', 6, 'Sznycel w sosie pieczarkowym + ziemniaki + surówka z białej kapusty i warzyw', 27, 'Łazanki z mięsem i warzywami', 12, 'Lazania z mięsem zapiekana w foremce', 19, 'PILAV - ryż z warzywami i mięsem wieprzowym zapiekany w foremce', 12.96, 16.29, 12.96, 12.78, 12.87, 1, 1, 1, 1, 1, 2, 2, 2, 2, 2, 67.86, 6);
# INSERT INTO catering.actual_orders (id, is_paid, kw, meal_fri, meal_fri_name, meal_mon, meal_mon_name, meal_thu, meal_thu_name, meal_tue, meal_tue_name, meal_wed, meal_wed_name, price_fri, price_mon, price_thu, price_tue, price_wed, qty_fri, qty_mon, qty_thu, qty_tue, qty_wed, shift_fri, shift_mon, shift_thu, shift_tue, shift_wed, to_pay, user_id) VALUES (7, true,  49, 33, 'Bułka z pasta jajeczną i warzywami x2', 8, 'Pierś drobiowa faszerowana szpinakiem pieczona w cieście francuskim + surówka grecka kolorowa – sos vinegret', 25, 'Bułka z pastą z kurczaka  i dodatkami x2', 12, 'Lazania z mięsem zapiekana w foremce', 18, 'Zestaw śniadaniowy z sałatką jajeczną , wędliną, serem, warzywami /pieczywo', 12.96, 16.29, 12.96, 12.78, 12.87, 1, 1, 1, 1, 1, 1, 1, 1, 1, 1, 67.86, 7);
# INSERT INTO catering.actual_orders (id, is_paid, kw, meal_fri, meal_fri_name, meal_mon, meal_mon_name, meal_thu, meal_thu_name, meal_tue, meal_tue_name, meal_wed, meal_wed_name, price_fri, price_mon, price_thu, price_tue, price_wed, qty_fri, qty_mon, qty_thu, qty_tue, qty_wed, shift_fri, shift_mon, shift_thu, shift_tue, shift_wed, to_pay, user_id) VALUES (8, true,  49, 35, 'Żurek z jakiem i kiełbasą / pieczywo', 4, 'Kartacze z mięsem ze skwarkami i cebulką', 27, 'Łazanki z mięsem i warzywami', 12, 'Lazania z mięsem zapiekana w foremce', 16, 'Brak', 1.44, 1.41, 1.44, 1.42, 0.00, 1, 1, 1, 1, 1, 2, 1, 1, 1, 2, 5.71, 8);
# INSERT INTO catering.actual_orders (id, is_paid, kw, meal_fri, meal_fri_name, meal_mon, meal_mon_name, meal_thu, meal_thu_name, meal_tue, meal_tue_name, meal_wed, meal_wed_name, price_fri, price_mon, price_thu, price_tue, price_wed, qty_fri, qty_mon, qty_thu, qty_tue, qty_wed, shift_fri, shift_mon, shift_thu, shift_tue, shift_wed, to_pay, user_id) VALUES (9, true,  49, 34, 'Sałatka grecka z warzywami i jajkiem / pieczywo', 5, '"Danie voka" kurczak +  ryż + warzywa z  patelni', 26, 'Czeburaki ukraińskie z mięsem mielonym smażone', 9, 'Brak', 16, 'Brak', 1.44, 1.41, 1.44, 0.00, 0.00, 1, 1, 1, 1, 1, 1, 1, 1, 1, 1, 4.29, 9);
# INSERT INTO catering.actual_orders (id, is_paid, kw, meal_fri, meal_fri_name, meal_mon, meal_mon_name, meal_thu, meal_thu_name, meal_tue, meal_tue_name, meal_wed, meal_wed_name, price_fri, price_mon, price_thu, price_tue, price_wed, qty_fri, qty_mon, qty_thu, qty_tue, qty_wed, shift_fri, shift_mon, shift_thu, shift_tue, shift_wed, to_pay, user_id) VALUES (10, true, 49, 31, 'Brak', 3, 'Bułka z szynką, serem i warzywami x2', 24, 'Bułka z pastą z kurczaka  i dodatkami', 15, 'Wegetariański kociołek warzywny + kluski gnioczki  + zestaw surówek', 18, 'Zestaw śniadaniowy z sałatką jajeczną , wędliną, serem, warzywami /pieczywo', 0.00, 1.41, 0.74, 1.82, 1.43, 1, 1, 1, 1, 1, 2, 1, 1, 1, 1, 5.40, 10);
# INSERT INTO catering.actual_orders (id, is_paid, kw, meal_fri, meal_fri_name, meal_mon, meal_mon_name, meal_thu, meal_thu_name, meal_tue, meal_tue_name, meal_wed, meal_wed_name, price_fri, price_mon, price_thu, price_tue, price_wed, qty_fri, qty_mon, qty_thu, qty_tue, qty_wed, shift_fri, shift_mon, shift_thu, shift_tue, shift_wed, to_pay, user_id) VALUES (11, true, 49, 31, 'Brak', 7, 'Shoarma drobiowa + frytki + kapusta pekińska z sosiem', 23, 'Brak', 9, 'Brak', 16, 'Brak', 0.00, 7.24, 0.00, 0.00, 0.00, 1, 1, 1, 1, 1, 1, 1, 1, 1, 1, 7.24, 11);
#
# INSERT INTO catering.order_summary (meal_no, day_id, first_shift_quantity, first_shift_users_id, kw, meal_name, meal_price, second_shift_quantity, second_shift_users_id) VALUES (1, 1, 0, '', 49, 'Brak', null, 0, '');
# INSERT INTO catering.order_summary (meal_no, day_id, first_shift_quantity, first_shift_users_id, kw, meal_name, meal_price, second_shift_quantity, second_shift_users_id) VALUES (2, 1, 1, '4, ', 49, 'Bułka z szynką, serem i warzywami', null, 0, '');
# INSERT INTO catering.order_summary (meal_no, day_id, first_shift_quantity, first_shift_users_id, kw, meal_name, meal_price, second_shift_quantity, second_shift_users_id) VALUES (3, 1, 1, '10, ', 49, 'Bułka z szynką, serem i warzywami x2', null, 0, '');
# INSERT INTO catering.order_summary (meal_no, day_id, first_shift_quantity, first_shift_users_id, kw, meal_name, meal_price, second_shift_quantity, second_shift_users_id) VALUES (4, 1, 2, '2, 8, ', 49, 'Kartacze z mięsem ze skwarkami i cebulką', null, 0, '');
# INSERT INTO catering.order_summary (meal_no, day_id, first_shift_quantity, first_shift_users_id, kw, meal_name, meal_price, second_shift_quantity, second_shift_users_id) VALUES (5, 1, 3, '1, 3, 9, ', 49, '"Danie voka" kurczak +  ryż + warzywa z  patelni', null, 0, '');
# INSERT INTO catering.order_summary (meal_no, day_id, first_shift_quantity, first_shift_users_id, kw, meal_name, meal_price, second_shift_quantity, second_shift_users_id) VALUES (6, 1, 1, '5, ', 49, 'Sznycel w sosie pieczarkowym + ziemniaki + surówka z białej kapusty i warzyw', null, 1, '6, ');
# INSERT INTO catering.order_summary (meal_no, day_id, first_shift_quantity, first_shift_users_id, kw, meal_name, meal_price, second_shift_quantity, second_shift_users_id) VALUES (7, 1, 0, '', 49, 'Shoarma drobiowa + frytki + kapusta pekińska z sosiem', null, 0, '');
# INSERT INTO catering.order_summary (meal_no, day_id, first_shift_quantity, first_shift_users_id, kw, meal_name, meal_price, second_shift_quantity, second_shift_users_id) VALUES (8, 1, 1, '7, ', 49, 'Pierś drobiowa faszerowana szpinakiem pieczona w cieście francuskim + surówka grecka kolorowa – sos vinegret', null, 0, '');
# INSERT INTO catering.order_summary (meal_no, day_id, first_shift_quantity, first_shift_users_id, kw, meal_name, meal_price, second_shift_quantity, second_shift_users_id) VALUES (9, 2, 1, '9, ', 49, 'Brak', null, 0, '');
# INSERT INTO catering.order_summary (meal_no, day_id, first_shift_quantity, first_shift_users_id, kw, meal_name, meal_price, second_shift_quantity, second_shift_users_id) VALUES (10, 2, 0, '', 49, 'Tarta z warzywami (brokuły, pomidror, ser) /sos', null, 0, '');
# INSERT INTO catering.order_summary (meal_no, day_id, first_shift_quantity, first_shift_users_id, kw, meal_name, meal_price, second_shift_quantity, second_shift_users_id) VALUES (11, 2, 0, '', 49, 'Naleśniki z serem zapiekane z budyniem  w foremce ', null, 0, '');
# INSERT INTO catering.order_summary (meal_no, day_id, first_shift_quantity, first_shift_users_id, kw, meal_name, meal_price, second_shift_quantity, second_shift_users_id) VALUES (12, 2, 3, '3, 7, 8, ', 49, 'Lazania z mięsem zapiekana w foremce', null, 1, '6, ');
# INSERT INTO catering.order_summary (meal_no, day_id, first_shift_quantity, first_shift_users_id, kw, meal_name, meal_price, second_shift_quantity, second_shift_users_id) VALUES (13, 2, 4, '1, 2, 4, 5, ', 49, 'Szaszłyk drobiowy z warzywami , mix sałat , sos + ryż brązowy + zestaw surówek', null, 0, '');
# INSERT INTO catering.order_summary (meal_no, day_id, first_shift_quantity, first_shift_users_id, kw, meal_name, meal_price, second_shift_quantity, second_shift_users_id) VALUES (14, 2, 0, '', 49, 'Zapiekana pierś z kurczaka z pieczarkami i serem + ziemniaki + mizeria ogórkowa ze śmietaną i koperkiem', null, 0, '');
# INSERT INTO catering.order_summary (meal_no, day_id, first_shift_quantity, first_shift_users_id, kw, meal_name, meal_price, second_shift_quantity, second_shift_users_id) VALUES (15, 2, 1, '10, ', 49, 'Wegetariański kociołek warzywny + kluski gnioczki  + zestaw surówek', null, 0, '');
# INSERT INTO catering.order_summary (meal_no, day_id, first_shift_quantity, first_shift_users_id, kw, meal_name, meal_price, second_shift_quantity, second_shift_users_id) VALUES (16, 3, 2, '8, 9, ', 49, 'Brak', null, 0, '');
# INSERT INTO catering.order_summary (meal_no, day_id, first_shift_quantity, first_shift_users_id, kw, meal_name, meal_price, second_shift_quantity, second_shift_users_id) VALUES (17, 3, 0, '', 49, 'Sandwicze z pieczarkami, serem i szynką zapiekane', null, 0, '');
# INSERT INTO catering.order_summary (meal_no, day_id, first_shift_quantity, first_shift_users_id, kw, meal_name, meal_price, second_shift_quantity, second_shift_users_id) VALUES (18, 3, 3, '2, 7, 10, ', 49, 'Zestaw śniadaniowy z sałatką jajeczną , wędliną, serem, warzywami /pieczywo', null, 0, '');
# INSERT INTO catering.order_summary (meal_no, day_id, first_shift_quantity, first_shift_users_id, kw, meal_name, meal_price, second_shift_quantity, second_shift_users_id) VALUES (19, 3, 2, '1, 3, ', 49, 'PILAV - ryż z warzywami i mięsem wieprzowym zapiekany w foremce', null, 1, '6, ');
# INSERT INTO catering.order_summary (meal_no, day_id, first_shift_quantity, first_shift_users_id, kw, meal_name, meal_price, second_shift_quantity, second_shift_users_id) VALUES (20, 3, 1, '5, ', 49, 'Roladka drobiowa w sosie śmietanowo-koperkowym + ryż dziki + sałatka z czerwonych buraczków', null, 0, '');
# INSERT INTO catering.order_summary (meal_no, day_id, first_shift_quantity, first_shift_users_id, kw, meal_name, meal_price, second_shift_quantity, second_shift_users_id) VALUES (21, 3, 1, '4, ', 49, 'Nagetsy z kurczaka + ziemnaki opiekane + mix sałat', null, 0, '');
# INSERT INTO catering.order_summary (meal_no, day_id, first_shift_quantity, first_shift_users_id, kw, meal_name, meal_price, second_shift_quantity, second_shift_users_id) VALUES (22, 3, 0, '', 49, 'Burger vege z warzywami i dodatkami', null, 0, '');
# INSERT INTO catering.order_summary (meal_no, day_id, first_shift_quantity, first_shift_users_id, kw, meal_name, meal_price, second_shift_quantity, second_shift_users_id) VALUES (23, 4, 0, '', 49, 'Brak', null, 0, '');
# INSERT INTO catering.order_summary (meal_no, day_id, first_shift_quantity, first_shift_users_id, kw, meal_name, meal_price, second_shift_quantity, second_shift_users_id) VALUES (24, 4, 1, '10, ', 49, 'Bułka z pastą z kurczaka  i dodatkami', null, 0, '');
# INSERT INTO catering.order_summary (meal_no, day_id, first_shift_quantity, first_shift_users_id, kw, meal_name, meal_price, second_shift_quantity, second_shift_users_id) VALUES (25, 4, 3, '1, 3, 7, ', 49, 'Bułka z pastą z kurczaka  i dodatkami x2', null, 0, '');
# INSERT INTO catering.order_summary (meal_no, day_id, first_shift_quantity, first_shift_users_id, kw, meal_name, meal_price, second_shift_quantity, second_shift_users_id) VALUES (26, 4, 3, '2, 4, 9, ', 49, 'Czeburaki ukraińskie z mięsem mielonym smażone', null, 0, '');
# INSERT INTO catering.order_summary (meal_no, day_id, first_shift_quantity, first_shift_users_id, kw, meal_name, meal_price, second_shift_quantity, second_shift_users_id) VALUES (27, 4, 2, '5, 8, ', 49, 'Łazanki z mięsem i warzywami', null, 1, '6, ');
# INSERT INTO catering.order_summary (meal_no, day_id, first_shift_quantity, first_shift_users_id, kw, meal_name, meal_price, second_shift_quantity, second_shift_users_id) VALUES (28, 4, 0, '', 49, 'Rumsztyk wieprzowy z cebulką i pieczarkami + ziemniaki + sałatka z czerwonej kapusty', null, 0, '');
# INSERT INTO catering.order_summary (meal_no, day_id, first_shift_quantity, first_shift_users_id, kw, meal_name, meal_price, second_shift_quantity, second_shift_users_id) VALUES (29, 4, 0, '', 49, 'Jesienna "szakszuka" fasolka szparagowa, pierś z kurczaka, cukinia, papryka, makaron pełnoziarnisty, sos meksykański', null, 0, '');
# INSERT INTO catering.order_summary (meal_no, day_id, first_shift_quantity, first_shift_users_id, kw, meal_name, meal_price, second_shift_quantity, second_shift_users_id) VALUES (30, 4, 0, '', 49, 'Szpinakowy kotlecik z serem + ryż brązowy + zestaw sałatek', null, 0, '');
# INSERT INTO catering.order_summary (meal_no, day_id, first_shift_quantity, first_shift_users_id, kw, meal_name, meal_price, second_shift_quantity, second_shift_users_id) VALUES (31, 5, 1, '10, ', 49, 'Brak', null, 0, '');
# INSERT INTO catering.order_summary (meal_no, day_id, first_shift_quantity, first_shift_users_id, kw, meal_name, meal_price, second_shift_quantity, second_shift_users_id) VALUES (32, 5, 1, '4, ', 49, 'Bułka z pasta jajeczną i warzywami', null, 0, '');
# INSERT INTO catering.order_summary (meal_no, day_id, first_shift_quantity, first_shift_users_id, kw, meal_name, meal_price, second_shift_quantity, second_shift_users_id) VALUES (33, 5, 1, '7, ', 49, 'Bułka z pasta jajeczną i warzywami x2', null, 0, '');
# INSERT INTO catering.order_summary (meal_no, day_id, first_shift_quantity, first_shift_users_id, kw, meal_name, meal_price, second_shift_quantity, second_shift_users_id) VALUES (34, 5, 2, '1, 9, ', 49, 'Sałatka grecka z warzywami i jajkiem / pieczywo', null, 1, '6, ');
# INSERT INTO catering.order_summary (meal_no, day_id, first_shift_quantity, first_shift_users_id, kw, meal_name, meal_price, second_shift_quantity, second_shift_users_id) VALUES (35, 5, 4, '2, 3, 5, 8, ', 49, 'Żurek z jakiem i kiełbasą / pieczywo', null, 0, '');
# INSERT INTO catering.order_summary (meal_no, day_id, first_shift_quantity, first_shift_users_id, kw, meal_name, meal_price, second_shift_quantity, second_shift_users_id) VALUES (36, 5, 0, '', 49, 'Ryba dorsz zapiekany w sosie "alla puttanesca" + ziemniaki + surówka z kiszonej kapusty', null, 0, '');
# INSERT INTO catering.order_summary (meal_no, day_id, first_shift_quantity, first_shift_users_id, kw, meal_name, meal_price, second_shift_quantity, second_shift_users_id) VALUES (37, 5, 0, '', 49, 'Morszczuk w cieście naleśnikowym + ziemniaki + zestaw surówek', null, 0, '');
# INSERT INTO catering.order_summary (meal_no, day_id, first_shift_quantity, first_shift_users_id, kw, meal_name, meal_price, second_shift_quantity, second_shift_users_id) VALUES (38, 5, 0, '', 49, 'Uwijaczki drobiowe z serem i kolorową papryką + ziemniaki + zestaw surówek', null, 0, '');

INSERT INTO catering.dish (dish_id, name) VALUES (10,	'Bagietka z karkówką, warzywami i sosem');
INSERT INTO catering.dish (dish_id, name) VALUES (20,	'"Bagietka z kurczakiem grillowanym, pieczarki smażone, warzyw, sos kanapkowy"');
INSERT INTO catering.dish (dish_id, name) VALUES (30,	'Bagietka z kurczakiem w marynacie musztardowo-miodowej z dodatkami');
INSERT INTO catering.dish (dish_id, name) VALUES (40,	'Bagietka z kurczakiem warzywami i sosem');
INSERT INTO catering.dish (dish_id, name) VALUES (50,	'Bagietka z łopatką wieprzową szarpaną, warzyw i sos');
INSERT INTO catering.dish (dish_id, name) VALUES (60,	'Bagietka z pastą z kurczaka z warzywami');
INSERT INTO catering.dish (dish_id, name) VALUES (70,	'Bagietka z pasztetem pieczonym, ogórek szwedzki, sałata zielona, masło ');
INSERT INTO catering.dish (dish_id, name) VALUES (80,	'Bagietka z szarpaną wieprzowiną, warzywa konserwowe, sos');
INSERT INTO catering.dish (dish_id, name) VALUES (90,	'"Białe kiełbaski pieczone z cebulką z ketchupem i musztardą/ chleb"');
INSERT INTO catering.dish (dish_id, name) VALUES (100	,'Bigos staropolski/pieczywo');
INSERT INTO catering.dish (dish_id, name) VALUES (110	,'Bitka drobiowa w sosie koperkowym + ziemniaki + zestaw surówek');
INSERT INTO catering.dish (dish_id, name) VALUES (120	,'Bitka schabowa w sosie borowikowym + kasza jęczmienna + ćwikła z chrzanem');
INSERT INTO catering.dish (dish_id, name) VALUES (130	,'Bitka wieprzowa w sosie śmietankowym z borowikiem + kluski śląskie + zestaw sałatek');
INSERT INTO catering.dish (dish_id, name) VALUES (140	,'Bitka wieprzowa w sosie śmietankowym z borowikiem + ryż + czerwona kapusta modra');
INSERT INTO catering.dish (dish_id, name) VALUES (150	,'Bogracz wieprzowy, kluseczki kładzione/pieczywo');
INSERT INTO catering.dish (dish_id, name) VALUES (160	,'Bułka dekoracyjna z wędliną, serem gouda,pomidor, ogórek zielony, jajko, sos kanapkowy.');
INSERT INTO catering.dish (dish_id, name) VALUES (170	,'Bułka grahamka z serkiem kanapkowym, sałata lodowa, pomidorach');
INSERT INTO catering.dish (dish_id, name) VALUES (180	,'Bułka grahamka z twarogiem z rzodkiewką i ogórkiem zielonym');
INSERT INTO catering.dish (dish_id, name) VALUES (190	,'Bułka z grillowanym boczkiem, jajkiem, ogórek konserwowy, sos');
INSERT INTO catering.dish (dish_id, name) VALUES (200	,'Bułka z grillowanym kurczakiem i warzywami, sos kanapkowy');
INSERT INTO catering.dish (dish_id, name) VALUES (210	,'Bułka z karkówką pieczoną i dodatkami');
INSERT INTO catering.dish (dish_id, name) VALUES (220	,'Bułka z kiełbasą pieczoną z cebulką, sos musztardowo – miodowy');
INSERT INTO catering.dish (dish_id, name) VALUES (230	,'Bułka z kurczakiem pieczonym i dodatkami');
INSERT INTO catering.dish (dish_id, name) VALUES (240	,'Bułka z pastą jajeczną z cebulką czerwoną i zieloną');
INSERT INTO catering.dish (dish_id, name) VALUES (250	,'Bułka z pastą jajeczną z szynką, zieloną sałatą i szczypiorkiem');
INSERT INTO catering.dish (dish_id, name) VALUES (260	,'Bułka z pastą jajeczną ze szczypiorkiem');
INSERT INTO catering.dish (dish_id, name) VALUES (270	,'Bułka z pastą jajeczną ze śledziem i warzywami ');
INSERT INTO catering.dish (dish_id, name) VALUES (280	,'Bułka z pastą śledziową z jajkiem i szczypiorem');
INSERT INTO catering.dish (dish_id, name) VALUES (290	,'Bułka z pastą z kurczaka, warzywa');
INSERT INTO catering.dish (dish_id, name) VALUES (300	,'Bułka z pieczoną wieprzowiną z sosem i warzywami/pieczywo');
INSERT INTO catering.dish (dish_id, name) VALUES (310	,'Bułka z pieczonym pasztetem i ogórkiem szwedzkim');
INSERT INTO catering.dish (dish_id, name) VALUES (320	,'"Bułka z serkiem kanapkowym, polędwica łososiowa, ze szpinakiem z czosnkiem 	"');
INSERT INTO catering.dish (dish_id, name) VALUES (330	,'Bułka z szynką wędzoną, ser gouda , pomidor, ogórek, jajko, sos kanapkowy');
INSERT INTO catering.dish (dish_id, name) VALUES (340	,'"Bułka z szynką wędzoną, serem żółtym, zielona sałata, pomidor – sos arabski 	"');
INSERT INTO catering.dish (dish_id, name) VALUES (350	,'Bułka z szynką, jajkiem, serem camembert, ogórek kiszony, sałata zielona');
INSERT INTO catering.dish (dish_id, name) VALUES (360	,'Bułka z szynką, jajkiem, serem żółtym, pomidor, majonez koperkowy');
INSERT INTO catering.dish (dish_id, name) VALUES (370	,'Bułka z szynką, serem wędzonym warzywami i sosem koperkowym');
INSERT INTO catering.dish (dish_id, name) VALUES (380	,'Burger domowy z mięsem wieprzowo-wołowym + ser panierowany, grillowany boczek, sałatka, sos');
INSERT INTO catering.dish (dish_id, name) VALUES (390	,'Burger z filetem drobiowym z ziarnami, boczek grillowany, ser wędzony, sałata lodowa, warzywa, sos');
INSERT INTO catering.dish (dish_id, name) VALUES (400	,'Burito z mięsem i warzywami zapiekane w tortilli + biała kapusta z warzywami – sos czosnkowy');
INSERT INTO catering.dish (dish_id, name) VALUES (410	,'Cukinia faszerowana mięsem, ryżem kolorowym i warzywami + zestaw sałatek ');
INSERT INTO catering.dish (dish_id, name) VALUES (420	,'Czeburaki ukraińskie z mięsem mielonym smażone');
INSERT INTO catering.dish (dish_id, name) VALUES (430	,'Danie fit:   Grillowana pierś z kurczaka z bukietem warzyw gotowanych na parze');
INSERT INTO catering.dish (dish_id, name) VALUES (440	,'"Danie fit:   Makaron pełnoziarnisty z warzywami cukinią, pieczarkami, kolorową papryką dodatkiem indyka"');
INSERT INTO catering.dish (dish_id, name) VALUES (450	,'Danie fit:   Omlet z warzywami zapiekanymi');
INSERT INTO catering.dish (dish_id, name) VALUES (460	,'Danie fit:   Ryba gotowana na parze z koperkiem + ryż + zestaw surówek');
INSERT INTO catering.dish (dish_id, name) VALUES (470	,'Danie fit:   Udziec z indyka duszony + ryż + surówki ');
INSERT INTO catering.dish (dish_id, name) VALUES (480	,'Devolai z masełem czosnkowym i pietruszką + ziemniaki opiekane + zestaw sałatek');
INSERT INTO catering.dish (dish_id, name) VALUES (490	,'Devolai z pieczarkami i serem + ziemniaki + zestaw surówek');
INSERT INTO catering.dish (dish_id, name) VALUES (500	,'Devolai z pomidorem suszonym i mozzarellą + ziemniaki pieczone w mundurkach + surówka grecka z sosem czosnkowym');
INSERT INTO catering.dish (dish_id, name) VALUES (510	,'Devolai ze szczypiorkiem i serem feta + ziemniaki + surówka z marchwi i selera');
INSERT INTO catering.dish (dish_id, name) VALUES (520	,'Devolai ze szpinakiem + ziemniaki + zestaw surówek');
INSERT INTO catering.dish (dish_id, name) VALUES (530	,'Dorsz gotowany z ziołami + ziemniaki + zestaw surówek');
INSERT INTO catering.dish (dish_id, name) VALUES (540	,'Dorsz na parze z koperkiem + ryż + brokuła gotowana na parze');
INSERT INTO catering.dish (dish_id, name) VALUES (550	,'Dorsz po hiszpańsku + ryż biały z warzywami + zestaw surówek');
INSERT INTO catering.dish (dish_id, name) VALUES (560	,'Dorsz smażony z sezamem + surówka z kiszonej kapusty ze śliwką + ziemniaki');
INSERT INTO catering.dish (dish_id, name) VALUES (570	,'Dorsz w kremowym sosie z suszonymi pomidorami + ziemniaki + zestaw surówek');
INSERT INTO catering.dish (dish_id, name) VALUES (580	,'Dorsz zapiekany w sosie z pomidorów pelati + ryż + zestaw surówek');
INSERT INTO catering.dish (dish_id, name) VALUES (590	,'Drobiowa pierś faszerowana salami i mozzarellą pieczona w ziołach  + zestaw surówek');
INSERT INTO catering.dish (dish_id, name) VALUES (600	,'Drobiowa pierś z jajkiem sadzonym + ziemniaki + zestaw surówek');
INSERT INTO catering.dish (dish_id, name) VALUES (610	,'Drobiowa roladka z warzywami w białym sosie + ryż po meksykańsku + zestaw surówek');
INSERT INTO catering.dish (dish_id, name) VALUES (620	,'Drobiowa wątróbka w sosie/pieczywo');
INSERT INTO catering.dish (dish_id, name) VALUES (630	,'Drobiowy devolai z boczkiem, kolorową papryką i mozzarellą + ziemniaki + surówka grecka z lodowej sałaty z fetą i sosem czosnkowym');
INSERT INTO catering.dish (dish_id, name) VALUES (640	,'Drobiowy kotlet smażony w cieście + zasmażana marchew z groszkiem + ziemniaki');
INSERT INTO catering.dish (dish_id, name) VALUES (650	,'Duszona bitka ze schabu w sosie grzybowym + kluski śląskie + zestaw surówek');
INSERT INTO catering.dish (dish_id, name) VALUES (660	,'Fasolka po bretońsku/pieczywo');
INSERT INTO catering.dish (dish_id, name) VALUES (670	,'Faszerowana papryka z ryżem i mięsem + zestaw surówek');
INSERT INTO catering.dish (dish_id, name) VALUES (680	,'Faszerowany udziec drobiowy + ziemniaki + zestaw surówek');
INSERT INTO catering.dish (dish_id, name) VALUES (690	,'Filet drobiowy smażony w cieście naleśnikowym + ziemniaki + zestaw surówek');
INSERT INTO catering.dish (dish_id, name) VALUES (700	,'Filet drobiowy smażony w panierce ,,panko” + talarki ziemniaczane + surówka z pekińską, sos czosnkowo-curry');
INSERT INTO catering.dish (dish_id, name) VALUES (710	,'Filet drobiowy w panierce ''panko” + ziemniaki + fasolka szparagowa z bułką tartą');
INSERT INTO catering.dish (dish_id, name) VALUES (720	,'"Filet drobiowy zapiekany z grzybami i serem + kotlecik z batata i marchewki + zestaw surówek	"');
INSERT INTO catering.dish (dish_id, name) VALUES (730	,'Filet z morszczuka w sosie śmietankowym z suszonym pomidorem + kopytka ziemniaczane + surówka z kiszonej kapusty z jabłkiem, cebulką i marchwią');
INSERT INTO catering.dish (dish_id, name) VALUES (740	,'Flaczki drobiowe/ pieczywo');
INSERT INTO catering.dish (dish_id, name) VALUES (750	,'Flaczki wołowe/pieczywo');
INSERT INTO catering.dish (dish_id, name) VALUES (760	,'Goloneczka cięta, kapusta po myśliwsku/pieczywo + dodatki: chrzan, musztarda');
INSERT INTO catering.dish (dish_id, name) VALUES (770	,'Gołąbki jarskie  w sobie borowikowym');
INSERT INTO catering.dish (dish_id, name) VALUES (780	,'Gołąbki z mięsem, kaszą i sosem pomidorowym');
INSERT INTO catering.dish (dish_id, name) VALUES (790	,'Gołąbki z włoskiej kapusty z mięsem, ryżem i sosem pomidorowym');
INSERT INTO catering.dish (dish_id, name) VALUES (800	,'Granola z owocami muss owocowy na jogurcie greckim pyszna');
INSERT INTO catering.dish (dish_id, name) VALUES (810	,'Grillowana pierś z kurczaka w ziołach marynowana + bukiet warzyw gotowany na parze');
INSERT INTO catering.dish (dish_id, name) VALUES (820	,'Gulasz węgierski z pieczarkami /pieczywo');
INSERT INTO catering.dish (dish_id, name) VALUES (830	,'Hot dog z parówką ogórkiem i musztardą 2 szt na porcję');
INSERT INTO catering.dish (dish_id, name) VALUES (840	,'"Jajka sadzone na bekonie + ogórek małosolny + młode ziemniaczki z koperkiem 	"');
INSERT INTO catering.dish (dish_id, name) VALUES (850	,'Jajka w sosie chrzanowym + ziemniaki + marchew zasmażana');
INSERT INTO catering.dish (dish_id, name) VALUES (860	,'Jajko w sosie tatarskim/pieczywo');
INSERT INTO catering.dish (dish_id, name) VALUES (870	,'Jesienny kolorowy kociołek, kluseczki gnocci');
INSERT INTO catering.dish (dish_id, name) VALUES (880	,'Karkówka po węgiersku + ziemniaki + zestaw surówek');
INSERT INTO catering.dish (dish_id, name) VALUES (890	,'Karp smażony + sałatka jarzynowa/pieczywo');
INSERT INTO catering.dish (dish_id, name) VALUES (900	,'Kartacze z mięsem ze skwarkami i cebulką');
INSERT INTO catering.dish (dish_id, name) VALUES (910	,'Kaszanka z boczkiem '' Kapecki '' + ziemniaki + kapusta zasmażana');
INSERT INTO catering.dish (dish_id, name) VALUES (920	,'Kaszanka z kapusta zasmażaną/pieczywo');
INSERT INTO catering.dish (dish_id, name) VALUES (930	,'Kebab amerykański kurczak, gyros, sałatkami, sos');
INSERT INTO catering.dish (dish_id, name) VALUES (940	,'Kiełbasa biała pieczona, musztarda, ketchup/pieczywo');
INSERT INTO catering.dish (dish_id, name) VALUES (950	,'Kiełbasa z rusztu z cebulką, musztarda, ketchup/pieczywo');
INSERT INTO catering.dish (dish_id, name) VALUES (960	,'Klopsy drobiowe w sosie pomidorowym + kasza jęczmienna z boczkiem i cebulką + buraczki czerwone');
INSERT INTO catering.dish (dish_id, name) VALUES (970	,'Klopsy wieprzowe + kasza jęczmienna + zestaw surówek');
INSERT INTO catering.dish (dish_id, name) VALUES (980	,'Kluski na parze z czekoladą');
INSERT INTO catering.dish (dish_id, name) VALUES (990	,'Kluski na parze z musem jogurtowym');
INSERT INTO catering.dish (dish_id, name) VALUES (1000	,'Knedle z truskawkami z masełkiem i cukrem');
INSERT INTO catering.dish (dish_id, name) VALUES (1010	,'Knedle ze śliwkami okraszone masełkiem i cukrem');
INSERT INTO catering.dish (dish_id, name) VALUES (1020	,'Kociołek wieprzowy z warzywami + kopytka ziemniaczane');
INSERT INTO catering.dish (dish_id, name) VALUES (1030	,'Koperta naleśnikowa z mięsnym farszem meksykańskim');
INSERT INTO catering.dish (dish_id, name) VALUES (1040	,'Koperta schabowa z pieczarkami i serem + ziemniaki + zestaw surówek');
INSERT INTO catering.dish (dish_id, name) VALUES (1050	,'Koperta schabowa z serem i szynką + ziemniaki + zasmażana kapusta');
INSERT INTO catering.dish (dish_id, name) VALUES (1060	,'Koperta schabowa z serem i szynką + ziemniaki opiekane + zestaw surówek');
INSERT INTO catering.dish (dish_id, name) VALUES (1070	,'Koperta wieprzowa z pieczarkami i serem + ziemniaki + zestaw surówek');
INSERT INTO catering.dish (dish_id, name) VALUES (1080	,'Koperta ze szpinakiem i fetą + barszcz czerwony');
INSERT INTO catering.dish (dish_id, name) VALUES (1090	,'Kotlecik szpinakowy + ryż + warzywa gotowane na parze');
INSERT INTO catering.dish (dish_id, name) VALUES (1100	,'Kotlecik szpinakowy z serem + ryż brązowy + zestaw sałatek');
INSERT INTO catering.dish (dish_id, name) VALUES (1110	,'Kotlet drobiowy + ziemniaki + zestaw surówek');
INSERT INTO catering.dish (dish_id, name) VALUES (1120	,'Kotlet drobiowy smażony w cieście naleśnikowym + ziemniaki + zestaw surówek ');
INSERT INTO catering.dish (dish_id, name) VALUES (1130	,'Kotlet drobiowy smażony w panierce z sezamem + ziemniaki + zestaw surówek');
INSERT INTO catering.dish (dish_id, name) VALUES (1140	,'Kotlet mielony z kapusta zasmażaną, pieczywo');
INSERT INTO catering.dish (dish_id, name) VALUES (1150	,'Kotlet pożarski + ziemniaki + buraczki zasmażane na ciepło z cebulką');
INSERT INTO catering.dish (dish_id, name) VALUES (1160	,'Kotlet schabowy + ziemniaki + kapusta zasmażana');
INSERT INTO catering.dish (dish_id, name) VALUES (1170	,'Kotlet schaowy po zbójnicku z oscypkiem i żurawiną + ziemniaki gotowane + zestaw surówek');
INSERT INTO catering.dish (dish_id, name) VALUES (1180	,'Kotlet ziemniaczany z pieczarkami w śmietanie 2 szt + fasola szparagowa z bułką tartą');
INSERT INTO catering.dish (dish_id, name) VALUES (1190	,'Krokiet z mięsem/ barszcz czerwony');
INSERT INTO catering.dish (dish_id, name) VALUES (1200	,'Krokiety mix z pieczarkami i serem, ze szpinakiem');
INSERT INTO catering.dish (dish_id, name) VALUES (1210	,'Krokiety z kapustą i grzybami, barszcz czerwony');
INSERT INTO catering.dish (dish_id, name) VALUES (1220	,'Krokiety z mięsem (2 szt) + barszcz czerwony');
INSERT INTO catering.dish (dish_id, name) VALUES (1230	,'Krokiety z mięsem w sosie pieczarkowym + surówka ''Kolesław'' z warzywami');
INSERT INTO catering.dish (dish_id, name) VALUES (1240	,'Kurczak  smażony z warzywami zawijany w tortilli zapiekany + sos z cebulką');
INSERT INTO catering.dish (dish_id, name) VALUES (1250	,'Kurczak smażony w cieście naleśnikowym + ziemniaki + zasmażana marchew z groszkiem');
INSERT INTO catering.dish (dish_id, name) VALUES (1260	,'Kurczak zapiekany z pieczarkami i serem + ziemniaki + zestaw surówek');
INSERT INTO catering.dish (dish_id, name) VALUES (1270	,'Kurczak zapiekany z pomidorem, pesto i  mozzarellą + ziemniaki + zestaw surówek');
INSERT INTO catering.dish (dish_id, name) VALUES (1280	,'Kwaśnica z wędzonym żeberkiem/pieczywo');
INSERT INTO catering.dish (dish_id, name) VALUES (1290	,'Lazania mięsna w sosie bolońskim zapiekana w foremce');
INSERT INTO catering.dish (dish_id, name) VALUES (1300	,'Lazania pieczona w foremce');
INSERT INTO catering.dish (dish_id, name) VALUES (1310	,'Lazania z warstwą szpinakową');
INSERT INTO catering.dish (dish_id, name) VALUES (1320	,'Leczo warzywne z kiełbasa i boczkiem/ pieczywo ');
INSERT INTO catering.dish (dish_id, name) VALUES (1330	,'Leczo warzywne/pieczywo');
INSERT INTO catering.dish (dish_id, name) VALUES (1340	,'Łazanki z mięsem i warzywami');
INSERT INTO catering.dish (dish_id, name) VALUES (1350	,'Łosoś z pieca + ziemniaki opiekne + warzywa na parze');
INSERT INTO catering.dish (dish_id, name) VALUES (1360	,'Łosoś z pieca + ziemniaki opiekne + zestaw surówek');
INSERT INTO catering.dish (dish_id, name) VALUES (1370	,'Makaron pełnoziarnisty z kurczakiem i szpinakiem');
INSERT INTO catering.dish (dish_id, name) VALUES (1380	,'Makaron pełoziarnisty z gotowaną piersią z kurczaka + mix sałat zielonych, sos vinegret');
INSERT INTO catering.dish (dish_id, name) VALUES (1390	,'Makaron z białym serem i musem owocowym ');
INSERT INTO catering.dish (dish_id, name) VALUES (1400	,'Medaliony indycze w sosie cebulowym + ryż basmatti z curry + zestaw surówek');
INSERT INTO catering.dish (dish_id, name) VALUES (1410	,'Mielony sznycel z pieczarkami i cebulką + ziemniaki + buraczki czerwone');
INSERT INTO catering.dish (dish_id, name) VALUES (1420	,'Mielony zraz z cebulką i pieczarkami + ziemniaki + sałatka z ogórków szwedzkich');
INSERT INTO catering.dish (dish_id, name) VALUES (1430	,'Miruna smażona w panierce + ziemniaki + kapusta kiszona ze śliwką');
INSERT INTO catering.dish (dish_id, name) VALUES (1440	,'Miruna w cieście szpinakowym + ziemniaki + surówka z kiszonej kapusty');
INSERT INTO catering.dish (dish_id, name) VALUES (1450	,'Morszczuk w cieście naleśnikowym + ziemniaki + zestaw surówek');
INSERT INTO catering.dish (dish_id, name) VALUES (1460	,'Nagetsy drobiowe z dipem czosnkowym, kawałek bułki');
INSERT INTO catering.dish (dish_id, name) VALUES (1470	,'Nagetsy z kurczaka + ziemnaki opiekane + mix sałat');
INSERT INTO catering.dish (dish_id, name) VALUES (1480	,'Nagetsy z kurczaka w płatkach + frytki + sos czosnkowy');
INSERT INTO catering.dish (dish_id, name) VALUES (1490	,'Naleśniki szpinakowe z mięsem i warzywami');
INSERT INTO catering.dish (dish_id, name) VALUES (1500	,'Naleśniki z jabłkami i sosem czekoladowym');
INSERT INTO catering.dish (dish_id, name) VALUES (1510	,'Naleśniki z serem foremce zapiekane z sosem pomarańczowym');
INSERT INTO catering.dish (dish_id, name) VALUES (1520	,'Naleśniki z serem twarogowym z brzoskwinią, zapiekane z budyniem');
INSERT INTO catering.dish (dish_id, name) VALUES (1530	,'Naleśniki zapiekane po meksykańsku');
INSERT INTO catering.dish (dish_id, name) VALUES (1540	,'Omlet na słodko z czekoladą i bananami');
INSERT INTO catering.dish (dish_id, name) VALUES (1550	,'Panini z kurczakiem grillowanym i warzywami');
INSERT INTO catering.dish (dish_id, name) VALUES (1560	,'Parówki grube ,,Kapecki” z serem i boczkiem, ketchup, musztarda/pieczywo');
INSERT INTO catering.dish (dish_id, name) VALUES (1570	,'Pasztecik z ciasta francuskiego z mięsem, barszcz czerwony');
INSERT INTO catering.dish (dish_id, name) VALUES (1580	,'Pieczarki faszerowane z mięsem smażone w panierce + ziemniaki pieczone + zestaw surówek');
INSERT INTO catering.dish (dish_id, name) VALUES (1590	,'Pieczeń rzymska z warzywami w sosie grzybowym + ziemniaki + sałatka buraczana');
INSERT INTO catering.dish (dish_id, name) VALUES (1600	,'Pieczeń wieprzowa w sosie + kapusta czerwona modra + kluseczki śląskie');
INSERT INTO catering.dish (dish_id, name) VALUES (1610	,'Pierogi ruskie z cebulką ');
INSERT INTO catering.dish (dish_id, name) VALUES (1620	,'Pierogi z mięsem ze skwarkami');
INSERT INTO catering.dish (dish_id, name) VALUES (1630	,'Pierś drobiowa faszerowana szpinakiem i fetą w cieście francuskim + mix zielonych sałat, sos vinegret');
INSERT INTO catering.dish (dish_id, name) VALUES (1640	,'Pierś drobiowa grillowana w ziołach + ryż kolorowy z warzywami + bukiet warzyw gotowany na parze');
INSERT INTO catering.dish (dish_id, name) VALUES (1650	,'Pierś drobiowa smażona w cieście naleśnikowym + ziemniaki + marchew zasmażana z groszkiem');
INSERT INTO catering.dish (dish_id, name) VALUES (1660	,'Pierś drobiowa smażona w płatkach + ziemniaki + zestaw sałatek');
INSERT INTO catering.dish (dish_id, name) VALUES (1670	,'Pierś drobiowa z salami i pomidorem suszonym + ryż gotowany z zielonym groszkiem + zestaw surówek');
INSERT INTO catering.dish (dish_id, name) VALUES (1680	,'Pierś drobiowa zapiekana pod pierzynką warzywną + ziemniaki + zestaw surówek');
INSERT INTO catering.dish (dish_id, name) VALUES (1690	,'Pierś drobiowa zapiekana ze szpinakiem i serem wędzonym + ziemniaki + zestaw surówek');
INSERT INTO catering.dish (dish_id, name) VALUES (1700	,'Pierś gotowana na parze z bukietem warzyw (duża porcja)');
INSERT INTO catering.dish (dish_id, name) VALUES (1710	,'PILAV - ryż z warzywami i mięsem wieprzowym zapiekany w foremce');
INSERT INTO catering.dish (dish_id, name) VALUES (1720	,'Pizza domowa gyros na cienkim cieście, sos czosnkowy/ketchup');
INSERT INTO catering.dish (dish_id, name) VALUES (1730	,'Placki ziemniaczane po węgiersku + ogórki szwedzkie');
INSERT INTO catering.dish (dish_id, name) VALUES (1740	,'Placki ziemniaczane po węgiersku z gulaszem i serem (bez ogórków)');
INSERT INTO catering.dish (dish_id, name) VALUES (1750	,'Placki ziemniaczane z sosem borowikowym');
INSERT INTO catering.dish (dish_id, name) VALUES (1760	,'Polędwiczka w sosie borowikowym + ryż kolorowy + zestaw surówek');
INSERT INTO catering.dish (dish_id, name) VALUES (1770	,'Polędwiczka w sosie borowikowym + ziemniaki + zestaw surówek');
INSERT INTO catering.dish (dish_id, name) VALUES (1780	,'Prażonki (duża porcja)/kefir');
INSERT INTO catering.dish (dish_id, name) VALUES (1790	,'Prażonki zapiekane, kefir');
INSERT INTO catering.dish (dish_id, name) VALUES (1800	,'Pulpeciki w sosie dyniowo-koperkowym + ziemniaki + surówka ''Kolesław'' z marchwią i koperkiem');
INSERT INTO catering.dish (dish_id, name) VALUES (1810	,'Quritto z kurczakiem i warzywami, zapiekane z serem i sosem BBQ + mix sałat zielonych, sos czosnkowy');
INSERT INTO catering.dish (dish_id, name) VALUES (1820	,'Racuchy z jabłkami + mus owocowy');
INSERT INTO catering.dish (dish_id, name) VALUES (1830	,'Racuchy z jabłkami i cynamonem');
INSERT INTO catering.dish (dish_id, name) VALUES (1840	,'Racuchy z jabłkami oprószone cukrem pudrem');
INSERT INTO catering.dish (dish_id, name) VALUES (1850	,'Rizotto z warzywami i kurczakiem zapiekane w foremce ');
INSERT INTO catering.dish (dish_id, name) VALUES (1860	,'Rolada drobiowa w pieczarkami w białej panierce + zestaw surówek + ziemniaki wiejskie pieczone ');
INSERT INTO catering.dish (dish_id, name) VALUES (1870	,'Rolada drobiowa w sosie + kopytka ziemniaczane czerwona kapusta modra');
INSERT INTO catering.dish (dish_id, name) VALUES (1880	,'Rolada drobiowa w sosie szczypiorkowym + ziemniaki + buraczki czerwone');
INSERT INTO catering.dish (dish_id, name) VALUES (1890	,'Rolada drobiowa w sosie śmietanowo-koperkowym + ryż dziki + sałatka z czerwonych buraczków');
INSERT INTO catering.dish (dish_id, name) VALUES (1900	,'Rolada drobiowa z suszonym i pomidorem i mozzarellą + ziemniaki opiekane + zestaw surówek');
INSERT INTO catering.dish (dish_id, name) VALUES (1910	,'Rolada drobiowa ze szpinakiem i boczkiem w sosie koperkowym + ryz kolorowy + ćwikła z chrzanem');
INSERT INTO catering.dish (dish_id, name) VALUES (1920	,'Rolada indycza faszerowana + ryż kolorowy + sałatka z czerwonej kapusty z warzywami');
INSERT INTO catering.dish (dish_id, name) VALUES (1930	,'Rolada wieprzowa w sosie + kluski śląskie + czerwona kapusta');
INSERT INTO catering.dish (dish_id, name) VALUES (1940	,'Rolada z udźca drobiowego w sosie pieczarkowym  + ryż + surówka ogórkowa z papryką');
INSERT INTO catering.dish (dish_id, name) VALUES (1950	,'Rumsztyk wieprzowy z cebulką i pieczarkami + ziemniaki + sałatka z czerwonej kapusty');
INSERT INTO catering.dish (dish_id, name) VALUES (1960	,'Ryba dorsz zapiekany w sosie ''alla puttanesca'' + ziemniaki + surówka z kiszonej kapusty');
INSERT INTO catering.dish (dish_id, name) VALUES (1970	,'"Ryba gotowana na parze + brokuła gotowana + zestaw sałatek 	"');
INSERT INTO catering.dish (dish_id, name) VALUES (1980	,'Ryba po grecku z warzywami/pieczywo');
INSERT INTO catering.dish (dish_id, name) VALUES (1990	,'Ryba po norwesku w zalewie/ pieczywo');
INSERT INTO catering.dish (dish_id, name) VALUES (2000	,'Ryba smażona + ziemniaki + surówka z kiszonej kapusty z jabłkiem i cebulką');
INSERT INTO catering.dish (dish_id, name) VALUES (2010	,'Sakiewka z serem i szynką + surówka ''Kolesław'' z warzywami + ziemniaki');
INSERT INTO catering.dish (dish_id, name) VALUES (2020	,'Sałatka brokułowa z jajkiem i warzywami, dip czosnkowy/kajzerka');
INSERT INTO catering.dish (dish_id, name) VALUES (2030	,'Sałatka Cezara z grillowanym kurczakiem, kajzerka, dip czosnkowy');
INSERT INTO catering.dish (dish_id, name) VALUES (2040	,'Sałatka Cezara z kurczakiem w cieście z sezamem, sos czosnkowy, grzanki czosnkowe');
INSERT INTO catering.dish (dish_id, name) VALUES (2050	,'Sałatka grecka z fetą, oliwki warzywa, sos, grzanki.');
INSERT INTO catering.dish (dish_id, name) VALUES (2060	,'Sałatka grecka z warzywami i jajkiem / pieczywo');
INSERT INTO catering.dish (dish_id, name) VALUES (2070	,'Sałatka grecka z warzywami i sosem vinegret/pieczywo');
INSERT INTO catering.dish (dish_id, name) VALUES (2080	,'Sałatka gyros warstwowa z warzywami i kurczakiem/pieczywo');
INSERT INTO catering.dish (dish_id, name) VALUES (2090	,'Sałatka jarzynowa/wek');
INSERT INTO catering.dish (dish_id, name) VALUES (2100	,'Sałatka makaronowa z grillowanym kurczakiem i warzywami/kajzerka');
INSERT INTO catering.dish (dish_id, name) VALUES (2110	,'Sałatka porowa z szynką i warzywami / pieczywo ');
INSERT INTO catering.dish (dish_id, name) VALUES (2120	,'Sałatka śledziowa z warzywami/pieczywo ');
INSERT INTO catering.dish (dish_id, name) VALUES (2130	,'Sałatka z ryżem, kurczakiem i warzywami ');
INSERT INTO catering.dish (dish_id, name) VALUES (2140	,'Sałatka z ryżem, tuńczykiem z warzywami, wek');
INSERT INTO catering.dish (dish_id, name) VALUES (2150	,'Sałatka ze szpinaku baby z pomidorem i grillowanym boczkiem, sos czosnkowy/weka');
INSERT INTO catering.dish (dish_id, name) VALUES (2160	,'Sandwicze z pieczarkami, serem i szynką zapiekane');
INSERT INTO catering.dish (dish_id, name) VALUES (2170	,'Sandwicze z szynką pieczarkami i serem, sos, ketchup, majonez');
INSERT INTO catering.dish (dish_id, name) VALUES (2180	,'Ser panierowany + krążki cebuli w cieście + sos tatarski');
INSERT INTO catering.dish (dish_id, name) VALUES (2190	,'Shoarma z kurczakiem + frytki + mieszanka kolorowych sałat, sos czosnkowy');
INSERT INTO catering.dish (dish_id, name) VALUES (2200	,'Spagetti bolońskie z mozzarellą');
INSERT INTO catering.dish (dish_id, name) VALUES (2210	,'Spaghetii Carbonara');
INSERT INTO catering.dish (dish_id, name) VALUES (2220	,'Szakszuka fasolka szparagowa, pierś z kurczaka, cukinia, papryka, makaron pełnoziarnisty, sos meksykański');
INSERT INTO catering.dish (dish_id, name) VALUES (2230	,'"Szaszłyk drobiowy z warzywami , mix sałat , sos + ryż brązowy + zestaw surówek 	"');
INSERT INTO catering.dish (dish_id, name) VALUES (2240	,'Sznycel w sosie pieczarkowym + ziemniaki + surówka z białej kapusty i warzyw');
INSERT INTO catering.dish (dish_id, name) VALUES (2250	,'Sznycel z pieczarkami i cebulką + ziemniaki + ćwikła z chrzanem ');
INSERT INTO catering.dish (dish_id, name) VALUES (2260	,'Sztuka mięsa w sosie chrzanowym + kasza jęczmienna + czerwone buraczki');
INSERT INTO catering.dish (dish_id, name) VALUES (2270	,'Sztuka mięsa w sosie własnym + kluski śląskie + czerwona kapusta');
INSERT INTO catering.dish (dish_id, name) VALUES (2280	,'"Śledzie pod pierzyną buraczaną z jajkiem/pieczywo 	"');
INSERT INTO catering.dish (dish_id, name) VALUES (2290	,'Śledź po japońsku z sałatką jarzynową i jajkiem/ pieczywo');
INSERT INTO catering.dish (dish_id, name) VALUES (2300	,'Śledź po kaszubsku/pieczywo');
INSERT INTO catering.dish (dish_id, name) VALUES (2310	,'Tarta z brokułem i warzywami, mozarellą, sos');
INSERT INTO catering.dish (dish_id, name) VALUES (2320	,'Tarta z kurczakiem, szpinakiem i suszonymi pomidorami, sos ');
INSERT INTO catering.dish (dish_id, name) VALUES (2330	,'Tarta z warzywami i szpinakiem z serem feta');
INSERT INTO catering.dish (dish_id, name) VALUES (2340	,'Tarta z warzywami zapiekana + mix zielonych sałat, sos vinegret');
INSERT INTO catering.dish (dish_id, name) VALUES (2350	,'Tortilla z mięsem drobiowym gyros i warzywami z grilla + sos czosnkowo-koperkowy');
INSERT INTO catering.dish (dish_id, name) VALUES (2360	,'Udko drobiowe pieczone + ryż + bukiet warzyw gotowany na parze');
INSERT INTO catering.dish (dish_id, name) VALUES (2370	,'Udko drobiowe pieczone na ziemniakach wiejskich + surówka ''Kolesław''');
INSERT INTO catering.dish (dish_id, name) VALUES (2380	,'Udko gotowane w rosole + ryż biały z warzywami + zestaw surówek');
INSERT INTO catering.dish (dish_id, name) VALUES (2390	,'Udziec drobiowy faszerowany pieczony + ryż ''jaśmin'' po meksykańsku + surówka z białej kapusty z marchwią, czerwoną cebulką i koperkiem ');
INSERT INTO catering.dish (dish_id, name) VALUES (2400	,'Udziec drobiowy faszerowany pieczony + ziemniaki + zestaw surówek');
INSERT INTO catering.dish (dish_id, name) VALUES (2410	,'Ukraińskie ,,Czeburaki” 2 szt. z mięsem, sos czosnkowy ');
INSERT INTO catering.dish (dish_id, name) VALUES (2420	,'Uwijaczki drobiowe z serem i kolorową papryką + ziemniaki + zestaw surówek');
INSERT INTO catering.dish (dish_id, name) VALUES (2430	,'VEGE:   Cukinia faszerowana ryżem i warzywami + mieszanka świeżych sałat, sos vinegret');
INSERT INTO catering.dish (dish_id, name) VALUES (2440	,'VEGE:   Kotlecik ziemniaczany (2szt), pieczarki w śmietance + fasolka szparagowa z bułka tartą');
INSERT INTO catering.dish (dish_id, name) VALUES (2450	,'VEGE:   Kotlecik ziemniaczany (2szt), pieczarki w śmietance + fasolka szparagowa z bułka tartą');
INSERT INTO catering.dish (dish_id, name) VALUES (2460	,'VEGE:   Łazanki bezmięsne (duża porcja)');
INSERT INTO catering.dish (dish_id, name) VALUES (2470	,'VEGE:   Makaron pełoziarnisty z warzywami po chińsku');
INSERT INTO catering.dish (dish_id, name) VALUES (2480	,'VEGE:   Makaron pełoziarnisty z warzywami po chińsku');
INSERT INTO catering.dish (dish_id, name) VALUES (2490	,'VEGE:   Pierogi z serem twarogowym na słodko z masełkiem i cukrem');
INSERT INTO catering.dish (dish_id, name) VALUES (2500	,'VEGE:   Pierogi z serem twarogowym na słodko z masełkiem i cukrem');
INSERT INTO catering.dish (dish_id, name) VALUES (2510	,'VEGE:   Placki ziemniaczane ze sosem grzybowym + ogórek szwedzki');
INSERT INTO catering.dish (dish_id, name) VALUES (2520	,'VEGE:   Placki ziemniaczane ze sosem grzybowym + ogórek szwedzki');
INSERT INTO catering.dish (dish_id, name) VALUES (2530	,'VEGE:   Ser panierowany + krążki cebulowe + sos czosnkowy');
INSERT INTO catering.dish (dish_id, name) VALUES (2540	,'Wątróbka duszona w sosie z cebulką /pieczywo');
INSERT INTO catering.dish (dish_id, name) VALUES (2550	,'Wegetariański kociołek warzywny + kluski gnioczki  + zestaw surówek');
INSERT INTO catering.dish (dish_id, name) VALUES (2560	,'Wieprzowa pieczeń w sosie grzybowym + ziemniaki + zestaw surówek ');
INSERT INTO catering.dish (dish_id, name) VALUES (2570	,'Wieprzowa rolada śląska w sosie pieczeniowym + klueski śląskie + zestaw surówek');
INSERT INTO catering.dish (dish_id, name) VALUES (2580	,'Wrapp z kurczakiem, warzywami grillowanymi i dodatkami');
INSERT INTO catering.dish (dish_id, name) VALUES (2590	,'Wrapp z panierowanym schabem z warzywami i sosem');
INSERT INTO catering.dish (dish_id, name) VALUES (2600	,'Zapiekana pierś z kurczaka z pieczarkami i serem + ziemniaki + mizeria ogórkowa ze śmietaną i koperkiem');
INSERT INTO catering.dish (dish_id, name) VALUES (2610	,'Zapiekanka brokułowa z makaronem i kurczakiem zapiekana w foremce ');
INSERT INTO catering.dish (dish_id, name) VALUES (2620	,'Zapiekanka drobiowa warstwowa + zestaw surówek + ziemniaki');
INSERT INTO catering.dish (dish_id, name) VALUES (2630	,'Zapiekanka makaronowa z kurczakiem i warzywami duża porcja');
INSERT INTO catering.dish (dish_id, name) VALUES (2640	,'Zapiekanka makaronowa z warzywami i mozzarellą');
INSERT INTO catering.dish (dish_id, name) VALUES (2650	,'"Zapiekanka omletowa warstwowa z mięsem z zestawem surówek"');
INSERT INTO catering.dish (dish_id, name) VALUES (2660	,'Zapiekanka wiejska z kiełbasą, boczkiem i ziemniakami');
INSERT INTO catering.dish (dish_id, name) VALUES (2670	,'Zapiekanka wiejska z kiełbasą, boczkiem i ziemniakami');
INSERT INTO catering.dish (dish_id, name) VALUES (2680	,'Zestaw śniadaniowy z jajkiem w sosie tatarskim, szynka, ser, salami, warzywa, pikle /pieczywo');
INSERT INTO catering.dish (dish_id, name) VALUES (2690	,'Zestaw śniadaniowy z jajkiem w sosie tatarskim, szynka, ser, salami, warzywa, pikle/pieczywo');
INSERT INTO catering.dish (dish_id, name) VALUES (2700	,'Zestaw śniadaniowy z sałatką gyros z kurczakiem, wędlina, ser, warzywa / pieczywo');
INSERT INTO catering.dish (dish_id, name) VALUES (2710	,'Zestaw śniadaniowy z sałatką hawajską i dodatkami, pieczywo');
INSERT INTO catering.dish (dish_id, name) VALUES (2720	,'Zestaw śniadaniowy z sałatką jajeczną, szynka, ser, warzywa, jajko, dodatki/pieczywo');
INSERT INTO catering.dish (dish_id, name) VALUES (2730	,'Zestaw śniadaniowy z sałatką porową z szynką / pieczywo');
INSERT INTO catering.dish (dish_id, name) VALUES (2740	,'Zestaw śniadaniowy z śledziem po polsku z jajkiem, szynka, ser, warzywa i dodatki/pieczywo');
INSERT INTO catering.dish (dish_id, name) VALUES (2750	,'Zestaw śniadaniowy z twarożkiem z pomidorem suszonym, warzywami, szynką i serem/pieczywo ');
INSERT INTO catering.dish (dish_id, name) VALUES (2760	,'Zupa grochowa z kiełbasą/pieczywo');
INSERT INTO catering.dish (dish_id, name) VALUES (2770	,'Żeberko wieprzowe w sosie pieczeniowym + zasmażana kapusta + ziemniaki');
INSERT INTO catering.dish (dish_id, name) VALUES (2780	,'Żurek z jajkiem i białą kiełbasą/pieczywo');


INSERT INTO catering.price (price_id, price) VALUES (1, 0.00);
INSERT INTO catering.price (price_id, price) VALUES (2, 7.00);
INSERT INTO catering.price (price_id, price) VALUES (3, 15.00);
INSERT INTO catering.price (price_id, price) VALUES (6, 20.00);
